Workbook
Name AccessoryCircuits: [2]ExerciseInventory!$BX$3:$BX$7
Name AccessoryCircuits: [1]ExerciseInventory!$BX$3:$BX$7
Name AccessoryTriplets: [2]ExerciseInventory!$W$4:$W$222
Name AccessoryTriplets: [1]ExerciseInventory!$W$4:$W$225
Name athletenames: [2]ControlPanel!$AS$6:$AS$29
Name athletenames: [1]ControlPanel!$AS$6:$AS$29
Name athletes: [2]ControlPanel!$AS$6:$AS$29
Name athletes: [1]ControlPanel!$AS$6:$AS$29
Name Categories: [2]ExerciseInventory!$A$2:$A$14
Name Categories: [1]ExerciseInventory!$A$2:$A$14
Name Core: [1]ExerciseInventory!$H$3:$H$382
Name Correctives: [2]ExerciseInventory!$Q$3:$Q$595
Name Correctives: [1]ExerciseInventory!$Q$3:$Q$595
Name CrazyCore: [2]ExerciseInventory!$H$237:$H$254
Name CrazyCore: [1]ExerciseInventory!$H$237:$H$254
Name CxReps: [2]ExerciseInventory!$BE$4:$BE$26
Name CxReps: [1]ExerciseInventory!$BE$4:$BE$26
Name Eqpt: [2]ExerciseInventory!$BF$4:$BF$25
Name Eqpt: [1]ExerciseInventory!$BF$4:$BF$25
Name ExerciseOrder: [2]ExerciseInventory!$BB$4:$BB$29
Name ExerciseOrder: [1]ExerciseInventory!$BB$4:$BB$29
Name LiftTracking: [2]ExerciseInventory!$AQ$3:$AQ$45
Name LiftTracking: [1]ExerciseInventory!$AQ$3:$AQ$45
Name ListSetRepSchemes: [2]ControlPanel!$A$5:$A$282
Name ListSetRepSchemes: [1]ControlPanel!$A$5:$A$282
Name LoadCategories: [2]ExerciseInventory!$A$15:$A$20
Name LoadCategories: [1]ExerciseInventory!$A$15:$A$20
Name MobTracking: [2]ExerciseInventory!$AR$3:$AR$45
Name MobTracking: [1]ExerciseInventory!$AR$3:$AR$45
Name ProgramObjectives: [2]ControlPanel!$AM$46:$AM$57
Name ProgramObjectives: [1]ControlPanel!$AM$46:$AM$57
Name skiCamps: [2]ControlPanel!$BI$28:$BI$36
Name skiCamps: [1]ControlPanel!$BI$28:$BI$36
Name TableAccessoryTriplets: [2]ExerciseInventory!$W$4:$AJ$222
Name TableAccessoryTriplets: [1]ExerciseInventory!$W$4:$AJ$225
Name TableSetRepSchemes: [2]ControlPanel!$A$5:$AJ$282
Name TableSetRepSchemes: [1]ControlPanel!$A$5:$AJ$282
Name Tempo: [2]ExerciseInventory!$BC$4:$BC$39
Name Tempo: [1]ExerciseInventory!$BC$4:$BC$39
Name TrainingPhases: [2]ControlPanel!$AM$2:$AM$71
Name TrainingPhases: [1]ControlPanel!$AM$2:$AM$71
Name VBTExercises: [2]ExerciseInventory!$BX$79:$BX$86
Name VBTExercises: [1]ExerciseInventory!$BX$79:$BX$86
Name WarmUps: [2]ExerciseInventory!$AT$29:$AT$48
Name WarmUps: [1]ExerciseInventory!$AT$29:$AT$48

Sheet acl_ytp
A2: ACLR - YTP
A3: Exercise Planning | C3: Week -8 | J3: Week -7 | Q3: Week -6 | X3: Week -5 | AE3: Week -4 | AL3: Week -3 | AS3: Week -2 | AZ3: Week -1 | BG3: Week 0 | BN3: Week 1 | BU3: Week 2 | CB3: Week 3 | CI3: Week 4 | CP3: Week 5 | CW3: Week 6 | DD3: Week 7 | DK3: Week 8 | DR3: Week 9 | DY3: Week 10 | EF3: Week 11 | EM3: Week 12 | ET3: Week 13 | FA3: Week 14 | FH3: Week 15 | FO3: Week 16 | FV3: Week 17 | GC3: Week 18 | GJ3: Week 19 | GQ3: Week 20 | GX3: Week 21 | HE3: Week 22 | HL3: Week 23 | HS3: Week 24 | HZ3: Week 25 | IG3: Week 26 | IN3: Week 27 | IU3: Week 28 | JB3: Week 29 | JI3: Week 30 | JP3: Week 31 | JW3: Week 32 | KD3: Week 33 | KK3: Week 34 | KR3: Week 35 | KY3: Week 36 | LF3: Week 37 | LM3: Week 38 | LT3: Week 39 | MA3: Week 40 | MH3: Week 41 | MO3: Week 42 | MV3: Week 43 | NC3: Week 44 | NJ3: Week 45 | NQ3: Week 46 | NX3: Week 47 | OE3: Week 48 | OL3: Week 49 | OS3: Week 50 | OZ3: Week 51 | PG3: Week 52
A10: Move/Mobilize | DL10: 1 time through full circuit
BU11: A | BV11: Manual Patella Mob | CA11: 10 | DK11: A | DL11: Cat Camel | DQ11: 6 | DR11: A | DS11: Cat Camel | DX11: 6 | DY11: A | DZ11: Cat Camel | EE11: 6 | EF11: A | EG11: Cat Camel | EL11: 6 | EM11: A | EN11: Cat Camel | ES11: 6 | ET11: A | EU11: Cat Camel | EZ11: 6
BU12: B | BV12: Long Duration Passive Leg Ext. | CA12: 5m | DK12: B | DL12: Side to Side Knee Rolls | DQ12: 8 | DR12: B | DS12: Side to Side Knee Rolls | DX12: 8 | DY12: B | DZ12: Side to Side Knee Rolls | EE12: 8 | EF12: B | EG12: Side to Side Knee Rolls | EL12: 8 | EM12: B | EN12: Side to Side Knee Rolls | ES12: 8 | ET12: B | EU12: Side to Side Knee Rolls | EZ12: 8
BU13: C | BV13: Heel Slides | CA13: 20 | DK13: C | DL13: Heel Sldies | DQ13: 10 | DR13: C | DS13: Heel Sldies | DX13: 10 | DY13: C | DZ13: Heel Sldies | EE13: 10 | EF13: C | EG13: Heel Sldies | EL13: 10 | EM13: C | EN13: Heel Sldies | ES13: 10 | ET13: C | EU13: Heel Sldies | EZ13: 10
BU14: D | BV14: Seated SL Ham Stretch | CA14: 30s | DK14: D | DL14: Leg Swings - small ROM all directions | DQ14: 8 | DR14: D | DS14: Leg Swings - small ROM all directions | DX14: 8 | DY14: D | DZ14: Leg Swings - small ROM all directions | EE14: 8 | EF14: D | EG14: Leg Swings - small ROM all directions | EL14: 8 | EM14: D | EN14: Leg Swings - small ROM all directions | ES14: 8 | ET14: D | EU14: Leg Swings - small ROM all directions | EZ14: 8
BU15: E | BV15: Seated Calf Stretch | CA15: 30s | DK15: E | DL15: Air Squat | DQ15: 8 | DR15: E | DS15: Air Squat w/ dowel | DX15: 8 | DY15: E | DZ15: Air Squat w/ dowel | EE15: 8 | EF15: E | EG15: 6" Squat from MB | EL15: 8 | EM15: E | EN15: 6" Squat from MB | ES15: 8 | ET15: E | EU15: 6" Squat from MB | EZ15: 8
DK16: F | DL16: SLR RDL + rot. w/ support | DQ16: 4 | DR16: F | DS16: SLR RDL + rot. w/ support | DX16: 4 | DY16: F | DZ16: SLR RDL + rot. w/ support | EE16: 4 | EF16: F | EG16: SLR RDL + rot. w/ support | EL16: 4 | EM16: F | EN16: SLR RDL + rot. w/ support | ES16: 4 | ET16: F | EU16: SLR RDL + rot. w/ support | EZ16: 4
DK17: G | DL17: Split Squats | DQ17: 8 | DR17: G | DS17: Split Squats | DX17: 8 | DY17: G | DZ17: Split Squats | EE17: 8 | EF17: G | EG17: Split Squats | EL17: 8 | EM17: G | EN17: Split Squats | ES17: 8 | ET17: G | EU17: Split Squats | EZ17: 8
DK18: H | DL18: Alt Hip 90-90s | DQ18: 8 | DR18: H | DS18: Alt Hip 90-90s | DX18: 8 | DY18: H | DZ18: Alt Hip 90-90s | EE18: 8 | EF18: H | EG18: Alt Hip 90-90s | EL18: 8 | EM18: H | EN18: Alt Hip 90-90s | ES18: 8 | ET18: H | EU18: Alt Hip 90-90s | EZ18: 8
DK19: I | DL19: Kneeling sit back on Heels | DP19: 5 ISO | DQ19: 6 | DR19: I | DS19: Kneeling sit back on Heels | DW19: 5 ISO | DX19: 6 | DY19: I | DZ19: Kneeling sit back on Heels | ED19: 5 ISO | EE19: 6 | EF19: I | EG19: Kneeling sit back on Heels | EK19: 5 ISO | EL19: 6 | EM19: I | EN19: Kneeling sit back on Heels | ER19: 5 ISO | ES19: 6 | ET19: I | EU19: Kneeling sit back on Heels | EY19: 5 ISO | EZ19: 6
EF20: J | EG20: ISO SL Extension | EK20: 30 ISO | EL20: 3 | EM20: J | EN20: ISO SL Extension | ER20: 30 ISO | ES20: 4 | ET20: J | EU20: ISO SL Extension | EY20: 30 ISO | EZ20: 5
A21: Activation | DK21: 3 supersets, do only 2 each day | DS21: Exercise | DW21: Tempo | DX21: 2x
BU22: A | BV22: Quad Squeeze - Half Roller | CA22: 10 | DK22: 1A | DL22: Standing TKE w/ band | DP22: 5 ISO | DQ22: 5 | DR22: 1A | DS22: Standing TKE w/ band | DW22: 5 ISO | DX22: 6 | DY22: 1A | DZ22: Standing TKE w/ band | ED22: 5 ISO | EE22: 6 | EF22: 1A | EG22: SL 3-way Step Down, band TKE | EL22: 3 | EM22: 1A | EN22: SL 3-way Step Down, band TKE | ES22: 4 | ET22: 1A | EU22: SL 3-way Step Down, band TKE | EZ22: 5
BU23: B | BV23: Supine ADD Ball Squeeze 90º | BZ23: 10 ISO | CA23: 6 | DK23: 1B | DL23: Standing Hip flexion w/ mb | DP23: 2 ISO | DQ23: 5 | DR23: 1B | DS23: Standing Hip flexion w/ mb | DW23: 2 ISO | DX23: 6 | DY23: 1B | DZ23: Standing Hip flexion w/ mb + MB OH | ED23: 1 ISO | EE23: 6 | EF23: 1B | EG23: Knee Side Plank + Opp Straight Leg Raise | EL23: 10 | EM23: 1B | EN23: Knee Side Plank + Opp Straight Leg Raise | ES23: 11 | ET23: 1B | EU23: Knee Side Plank + Opp Straight Leg Raise | EZ23: 12
BU24: C | BV24: Side Lying Clamshell | BZ24: 2 ISO | CA24: 10 | DK24: 1C | DL24: Backwards Treadmill Walking | DQ24: 0.083333333 | DR24: 1C | DS24: Backwards Treadmill Walking | DX24: 0.10416667 | DY24: 1C | DZ24: Backwards Treadmill Walking | EE24: 0.125 | EF24: 1C | EG24: Add. V-Ball Squeeze + crunches | EL24: 15 | EM24: 1C | EN24: Add. V-Ball Squeeze + crunches | ES24: 20 | ET24: 1C | EU24: Add. V-Ball Squeeze + rot. crunches | EZ24: 20
BU25: D | BV25: DL Heel Raise | CA25: 10 | DK25: 2A | DL25: SL 3-way Step down | DQ25: 4 | DR25: 2A | DS25: SL 3-way Step down | DX25: 5 | DY25: 2A | DZ25: SL 3-way Step down | EE25: 6 | EF25: 2A | EG25: ISO Decline Squat + Lateral Reaches | EL25: :40 | EM25: 2A | EN25: ISO Decline Squat + Lateral Reaches | ES25: :50 | ET25: 2A | EU25: ISO Decline Squat + Lateral Reaches | EZ25: :60
BU26: E | BV26: SL Balance | CA26: 30s | DK26: 2B | DL26: Lateral MH Step Overs | DQ26: 8 | DR26: 2B | DS26: Lateral MH Step Overs | DX26: 10 | DY26: 2B | DZ26: Lateral Hurdle Step Over/Under | EE26: 10 | EF26: 2B | EG26: Knee Copenhagen | EL26: :20 | EM26: 2B | EN26: Knee Copenhagen | ES26: :25 | ET26: 2B | EU26: Knee Copenhagen | EZ26: :30
DK27: 2C | DL27: Bird Dog Leg Ext | DP27: 2 ISO | DQ27: 6 | DR27: 2C | DS27: Bird Dog Leg Ext | DW27: 2 ISO | DX27: 8 | DY27: 2C | DZ27: Bird Dogs | ED27: 2 ISO | EE27: 6 | EF27: 2C | EG27: Bird Dogs | EK27: 2 ISO | EL27: 6 | EM27: 2C | EN27: Bird Dogs | ER27: 2 ISO | ES27: 8 | ET27: 2C | EU27: Bird Dogs (bear crawl pos) | EY27: 2 ISO | EZ27: 6
DK28: 3A | DL28: SL Wall Sit | DP28: 10 ISO | DQ28: 3 | DR28: 3A | DS28: SL Wall Sit | DW28: 10 ISO | DX28: 4 | DY28: 3A | DZ28: SL Decline Wall Sit | ED28: 15 ISO | EE28: 2 | EF28: 3A | EG28: Split Squat w/ band ADD | EL28: 8 | EM28: 3A | EN28: Split Squat w/ band ADD | ES28: 10 | ET28: 3A | EU28: Split Squat w/ band ADD | EZ28: 12
DK29: 3B | DL29: Standing Hip ADD w/ cable | DQ29: 10 | DR29: 3B | DS29: Standing Hip ADD w/ cable | DX29: 10 | DY29: 3B | DZ29: Standing Hip ADD w/ cable | EE29: 10 | EF29: 3B | EG29: Standing Hip Flex. Mini band | EK29: 5 ISO | EL29: 3 | EM29: 3B | EN29: Standing Hip Flex. Mini band | ER29: 5 ISO | ES29: 4 | ET29: 3B | EU29: Standing Hip Flex. Mini band | EY29: 5 ISO | EZ29: 5
DK30: 3C | DL30: Alt. Dead Bug Leg Ext (oh band) | DQ30: 8 | DR30: 3C | DS30: Alt. Dead Bug Leg Ext (oh band) | DX30: 10 | DY30: 3C | DZ30: Alt. Dead Bug Leg Ext (oh band) | EE30: 10 | EF30: 3C | EG30: Alt Dead bugs w/ band OH | EL30: 7 | EM30: 3C | EN30: Alt Dead bugs w/ band OH | ES30: 8 | ET30: 3C | EU30: Alt Dead bugs w/ band OH, miniband feet | EZ30: 7
A32: Preparation 1 | DQ32: 2x | DX32: 2x | EE32: 2x | EL32: 2x | ES32: 2x | EZ32: 2x
DK33: 1A | DL33: DL Squats - Bosu (flat up) | DQ33: 8 | DR33: 1A | DS33: Squats - Bosu (flat up) | DX33: 10 | DY33: 1A | DZ33: ISO Decline Squat + Lateral Reaches | EE33: :30 | EF33: 1A | EG33: Y Balance | EL33: 3 | EM33: 1A | EN33: Y Balance | ES33: 4 | ET33: 1A | EU33: Y Balance | EZ33: 5
DK34: 1B | DL34: SL Balance | DQ34: 30s | DR34: 1B | DS34: Square Balance Board L-R | DX34: 30s | DY34: 1B | DZ34: Alt. MB Rot Pass (bosu, face wall) | EE34: 8 | EF34: 1B | EG34: SL Balance - Mini Tramp | EL34: :20 | EM34: 1B | EN34: SL Balance - Mini Tramp | ES34: :25 | ET34: 1B | EU34: SL Balance - Mini Tramp | EZ34: :30
DK35: 1C | DL35: ISO Lunge - Eyes closed | DQ35: 20s | DR35: 1C | DS35: SL Balance - Eyes cloed | DX35: 20s | DY35: 1C | DZ35: DL Half Squats - Eyes closed | EE35: 8 | EF35: 1C | EG35: DL Balance Board (AP) | EL35: :30 | EM35: 1C | EN35: DL Balance Board (AP) | ES35: :30 | ET35: 1C | EU35: DL Balance Board (AP) | EZ35: :30
DK36: 2A | DL36: MB Slam - 50% effort | DQ36: 6 | DR36: 2A | DS36: MB Slam - 70% effort | DX36: 6 | DY36: 2A | DZ36: MB Slam - 80% effort | EE36: 6 | EM36: 1D | EN36: DL Balance Board (ML) | ES36: :30 | ET36: 1D | EU36: DL Balance Board (ML) | EZ36: :30
DK37: 2B | DL37: Alt. MB Rot Pass - facing wall | DQ37: 6 | DR37: 2B | DS37: Alt. MB Rot Pass - facing wall | DX37: 6 | DY37: 2B | DZ37: Lateral Rot. Pass - 50% effort | EE37: 3
DK38: 2C | DL38: 1/2 Squat + MB Chest Pass | DQ38: 6 | DR38: 2C | DS38: 1/2 Squat + MB Chest Pass | DX38: 6 | DY38: 2C | DZ38: 1/2 Squat + Upward Granny Toss | EE38: 5
DK39: 3A | DR39: 3A | DY39: 3A
DK40: 3B | DR40: 3B | DY40: 3B
DK41: 3C | DR41: 3C | DY41: 3C
A43: Preparation 2 | EF43: 2 supersets, do only 1 each day | EM43: 2 supersets, do only 1 each day | ET43: 2 supersets, do only 1 each day
EF44: 1A | EG44: A March / Low Slow Back Pedal | EL44: 20m | EM44: 1A | EN44: A March / Low Slow Back Pedal | ES44: 20m | ET44: 1A | EU44: A March / Low Slow Back Pedal | EZ44: 20m
EF45: 1B | EG45: Butt Kicks / Walk back knee hug | EL45: 20m | EM45: 1B | EN45: Butt Kicks / Walk back knee hug | ES45: 20m | ET45: 1B | EU45: Butt Kicks / Walk back knee hug | EZ45: 20m
EF46: 1C | EG46: Lateral A March - Tall Hurdles | EL46: 8 | EM46: 1C | EN46: Lateral A March - Tall Hurdles | ES46: 8 | ET46: 1C | EU46: Lateral A March - Tall Hurdles | EZ46: 8
EF47: 2A | EG47: Staggered Stance MB Slam | EK47: 0.5 | EL47: 4 | EM47: 2A | EN47: Staggered Stance MB Slam | ER47: 0.6 | ES47: 4 | ET47: 2A | EU47: Staggered Stance MB Slam | EY47: 0.7 | EZ47: 4
EF48: 2B | EG48: Lateral Rot. Pass - small step | EL48: 4 | EM48: 2B | EN48: Lateral Rot. Pass - small step | ES48: 5 | ET48: 2B | EU48: Lateral Rot. Pass - small step | EZ48: 6
EF49: 2C | EG49: 1/2 Squat + Upward Granny Toss | EL49: 4 | EM49: 2C | EN49: 1/2 Squat + Upward Granny Toss | ES49: 5 | ET49: 2C | EU49: 1/2 Squat + Upward Granny Toss | EZ49: 6
A54: Lower 1
DK55: 1A | DL55: KB Goblet Squat to Box | DQ55: 8 | DS55: " | DX55: 8 | DZ55: " | EE55: 8 | EF55: 1A | EG55: Back squat to Box | EL55: 8 | EN55: " | ES55: 8 | EU55: " | EZ55: 8
DK56: 1B | DL56: SL Ham Bridge Ups | DP56: 2 ISO | DQ56: 6 | DS56: " | DW56: 2 ISO | DX56: 7 | DZ56: " | ED56: 2 ISO | EE56: 8 | EF56: 1B | EG56: Alt. SL Ham Bridge on Bench | EL56: 6 | EN56: " | ES56: 7 | EU56: " | EZ56: 8
DK57: 2A | DL57: BB Hip Thrust | DQ57: 8 | DS57: " | DX57: 8 | DZ57: " | EE57: 8 | EF57: 2A | EG57: BB Hip Thrust | EL57: 6 | EN57: " | ES57: 6 | EU57: " | EZ57: 6
DK58: 2B | DL58: SL RDL w/ KB | DQ58: 6 | DS58: " | DX58: 7 | DZ58: " | EE58: 8 | EF58: 2B | EG58: ISO Split Squat w/ band ADD | EL58: :20 | EN58: " | ES58: :25 | EU58: " | EZ58: :30
DK59: 3A | DL59: DL Leg Ext 7 to 3 | DQ59: 8 | DS59: " | DX59: 9 | DZ59: " | EE59: 10 | EF59: 3A | EG59: DL Leg Ext. 7 to 3 | EL59: 10 | EN59: " | ES59: 10 | EU59: " | EZ59: 10
DK60: 3B | DL60: Seated DL Calf Raise | DP60: 3 ECC | DQ60: 12 | DS60: " | DW60: 3 ECC | DX60: 12 | DZ60: " | ED60: 3 ECC | EE60: 12 | EF60: 3B | EG60: SL Leg Ext. - Inj only | EL60: 8 | EN60: " | ES60: 9 | EU60: " | EZ60: 10
EF61: 3C | EG61: Seated SL Calf Raise | EK61: 3 ECC | EL61: 12 | EN61: " | ES61: 12 | EU61: " | EZ61: 12
A65: Lower 2
DK66: 1A | DL66: Trap Bar Deadlift (blocks) | DQ66: 8 | DS66: " | DX66: 8 | DZ66: " | EE66: 8 | EF66: 1A | EG66: TrapBar Deadlift | EL66: 8> | EN66: " | ES66: 8> | EU66: " | EZ66: 8>
DK67: 1B | DL67: Side Plank | DQ67: 20s | DS67: " | DX67: 25s | DZ67: " | EE67: 30s | EF67: 1B | EG67: Side Plank w/ DB Reach | EK67: 2 ISO | EL67: 8 | EN67: " | ES67: 9 | EU67: " | EZ67: 10
DK68: 2A | DL68: Step Up w/ TRX Support | DQ68: 6 | DS68: " | DX68: 6 | DZ68: " | EE68: 6 | EF68: 2A | EG68: Step Up w/ TRX support | EL68: 6 | EN68: " | ES68: 7 | EU68: " | EZ68: 8
DK69: 2B | DL69: Push-Pull on Keiser | DQ69: 8 | DS69: " | DX69: 8 | DZ69: " | EE69: 8 | EF69: 2B | EG69: Split Stance Push-Pull | EL69: 8 | EN69: " | ES69: 8 | EU69: " | EZ69: 8
DK70: 3A | DL70: SL Swiss Ball Ham Curl | DP70: 3 ECC | DQ70: 8 | DS70: " | DW70: 3 ECC | DX70: 9 | DZ70: " | ED70: 3 ECC | EE70: 10 | EF70: 3A | EG70: Sled Push + Sled Pull | EL70: 20m | EN70: " | ES70: 20m | EU70: " | EZ70: 20m
DK71: 3B | DL71: DL Calf Raise - BB against rack | DQ71: 8 | DS71: " | DX71: 9 | DZ71: " | EE71: 10 | EF71: 3B | EG71: SL Swiss Ball Ham Curl | EK71: 3 ECC | EL71: 10 | EN71: " | ES71: 11 | EU71: " | EZ71: 12
EF72: 3C | EG72: DL Calf Raise - BB on rack | EL72: 10 | EN72: " | ES72: 10 | EU72: " | EZ72: 10
A76: Lower 3
DK77: 1A | DL77: BB Hip Thrust | DP77: 3 ISO | DQ77: 6 | DS77: " | DW77: 3 ISO | DX77: 6 | DZ77: " | ED77: 3 ISO | EE77: 6 | EF77: 1A | EG77: Belt Squat | EK77: 3 ECC | EL77: 8 | EN77: " | ES77: 8 | EU77: " | EZ77: 8
DK78: 1B | DL78: ISO Squat Hold | DP78: ISO | DQ78: 30s | DS78: " | DW78: ISO | DX78: 30s | DZ78: " | ED78: ISO | EE78: 30s | EF78: 1B | EG78: IMTP | EK78: 5 ISO | EL78: 3 | EN78: " | ES78: 3 | EU78: " | EZ78: 3
DK79: 2A | DL79: RDL | DQ79: 6 | DS79: " | DX79: 7 | DZ79: " | EE79: 8 | EF79: 2A | EG79: SL ECC. Squat to Box | EK79: 3 ECC | EL79: 6 | EN79: " | ES79: 7 | EU79: " | EZ79: 8
DK80: 2B | DL80: ISO Lunge + Cable Row | DQ80: 8 | DS80: " | DX80: 8 | DZ80: " | EE80: 8 | EF80: 2B | EG80: SL RDL - 1 DB | EL80: 8 | EN80: " | ES80: 8 | EU80: " | EZ80: 8
DK81: 3A | DL81: ISO Leg Ext. | DP81: 10 ISO | DQ81: 3 | DS81: " | DW81: 10 ISO | DX81: 3 | DZ81: " | ED81: 10 ISO | EE81: 3 | EF81: 3A | EG81: ISO SL Extensions | EK81: 10 ISO | EL81: 3 | EN81: " | ES81: 4 | EU81: " | EZ81: 5
DK82: 3B | DL82: Prone Ham Curl 2U1D | DQ82: 8 | DS82: " | DX82: 8 | DZ82: " | EE82: 8 | EF82: 3B | EG82: SL Prone Ham Curl | EK82: 3 ECC | EL82: 6 | EN82: " | ES82: 7 | EU82: " | EZ82: 8
EF83: 3C | EG83: Standing SL Calf Raise | EK83: 2:2:2 | EL83: 8 | EN83: " | ES83: 9 | EU83: " | EZ83: 10
A87: Lower 4
A98: Non ACLR 1
BU99: 1A | BV99: TRX SL Squat | CA99: 6 | DK99: 1A | DL99: Push Press | DQ99: 8 | DS99: " | DX99: 8 | DZ99: " | EE99: 8 | EF99: 1A | EG99: Push Press | EL99: 6 | EN99: " | ES99: 6 | EU99: " | EZ99: 6
BU100: 1B | BV100: Seated SA DB Press | CA100: 8 | DK100: 1B | DL100: HK SA Cable Pull Down | DQ100: 8 | DS100: " | DX100: 8 | DZ100: " | EE100: 8 | EF100: 1B | EG100: HK SA Cable Pull Down | EK100: 2 ISO | EL100: 8 | EN100: " | ES100: 8 | EU100: " | EZ100: 8
BU101: 1C | BV101: Sidelying Stright Leg Hip ABD | CA101: 12 | DK101: 1C | DL101: V-ups w/ pass through | DQ101: 6 | DS101: " | DX101: 7 | DZ101: " | EE101: 8 | EF101: 1C | EG101: Hollow Body Hold w/ dowel + hip touches | EL101: 8 | EN101: " | ES101: 9 | EU101: " | EZ101: 10
BU102: 2A | BV102: SL Plank | CA102: 30s | DK102: 2A | DL102: DB Bench Press | DQ102: 8 | DS102: " | DX102: 7 | DZ102: " | EE102: 6 | EF102: 2A | EG102: Prone Row | EL102: 6> | EN102: " | ES102: 6> | EU102: " | EZ102: 6>
BU103: 2B | BV103: Seated SA Cable Row | CA103: 8 | DK103: 2B | DL103: Low-High Cable Rot. Chop | DQ103: 8 | DS103: " | DX103: 8 | DZ103: " | EE103: 8 | EF103: 2B | EG103: Split Stance Landmine Press | EL103: 8 | EN103: " | ES103: 8 | EU103: " | EZ103: 8
BU104: 2C | BV104: Arms Only Deadbug w/ plate | CA104: 8 | DK104: 2C | DL104: Stir the Pot | DQ104: 30s | DS104: " | DX104: 30s | DZ104: " | EE104: 30s | EF104: 2C | EG104: Stir the Pot - Feet on Bench | EL104: :30 | EN104: " | ES104: :30 | EU104: " | EZ104: :30
BU105: 3A | BV105: SL ISO Ham Bridge | BZ105: ISO | CA105: 15s
BU106: 3B | BV106: Seated Russian Twist | CA106: 20
BU107: 3C | BV107: Pike Seated Paloff Press | CA107: 10
A109: Non ACLR 2
BU110: 1A | BV110: Supported SL Squat off Box | CA110: 6 | DK110: 1A | DL110: Prone Row | DQ110: 6 | DS110: " | DX110: 6 | DZ110: " | EE110: 6 | EF110: 1A | EG110: Pull Up | EL110: 8> | EN110: " | ES110: 8> | EU110: " | EZ110: 8>
BU111: 1B | BV111: SA DB Bench Press - Floor | CA111: 10 | DK111: 1B | DL111: SA DB OH Press | DQ111: 8> | DS111: " | DX111: 8> | DZ111: " | EE111: 8> | EF111: 1B | EG111: SA DB OH Push Press | EL111: 6 | EN111: " | ES111: 6 | EU111: " | EZ111: 6
BU112: 1C | BV112: Pike Seated Band Pull Aparts | CA112: 10 | DK112: 1C | DL112: ISO 45º Sit Up + plate raise OH | DQ112: 10 | DS112: " | DX112: 10 | DZ112: " | EE112: 10 | EF112: 1C | EG112: Weighted Sit Up + OH Raise 1 DB | EL112: 6 | EN112: " | ES112: 7 | EU112: " | EZ112: 8
BU113: 2A | BV113: Prone Row | CA113: 8 | DK113: 2A | DL113: DB Bench - Swiss Ball | DQ113: 10 | DS113: " | DX113: 10 | DZ113: " | EE113: 10 | EF113: 2A | EG113: SA DB Bench Press | EL113: 8 | EN113: " | ES113: 8 | EU113: " | EZ113: 8
BU114: 2B | BV114: SL Ham Bridge Ups | CA114: 8 | DK114: 2B | DL114: Hanging Knee Tucks | DQ114: 10 | DS114: " | DX114: 11 | DZ114: " | EE114: 12 | EF114: 2B | EG114: 1/2 Kneel SA Cable Row | EL114: 10 | EN114: " | ES114: 10 | EU114: " | EZ114: 10
BU115: 2C | BV115: Alt. Rot Crunches - feet on box | CA115: 20 | DK115: 2C | DL115: Plank + forward DB tap | DP115: 2 ISO | DQ115: 6 | DS115: " | DX115: 7 | DZ115: " | EE115: 8 | EF115: 2C | EG115: Plank + Forward DB Touch | EL115: 8 | EN115: " | ES115: 9 | EU115: " | EZ115: 10
BU116: 3A | BV116: SL Extensions | CA116: 8
BU117: 3B | BV117: Seated Russian Twist | CA117: 20
BU118: 3C | BV118: Cherry Pickers | CA118: 20
A120: Non ACLR 3
A131: Hydro 1 | DQ131: 3x | DX131: 3x | EE131: 3x
DK132: 1A | DL132: F/B Walking | DQ132: 10m | DS132: " | DX132: 10m | DZ132: " | EE132: 10m | EF132: 1A | EG132: F/B Walking - High Knees | EL132: 10m | EN132: " | ES132: 10m | EU132: " | EZ132: 10m
DK133: 1B | DL133: Side Steps | DQ133: 10m | DS133: " | DX133: 10m | DZ133: " | EE133: 10m | EF133: 1B | EG133: Side Shuffles | EL133: 10m | EN133: " | ES133: 10m | EU133: " | EZ133: 10m
DK134: 1C | DL134: Crossover Side Steps | DQ134: 10m | DS134: " | DX134: 10m | DZ134: " | EE134: 10m | EF134: 1C | EG134: Carioca | EL134: 10m | EN134: " | ES134: 10m | EU134: " | EZ134: 10m
DK135: 2A | DL135: Squats | DQ135: 10 | DS135: " | DX135: 10 | DZ135: " | EE135: 10 | EF135: 2A | EG135: SL 1/4 Squats | EK135: 3 ISO | EL135: 8 | EN135: " | ES135: 9 | EU135: " | EZ135: 10
DK136: 2B | DL136: Calf Raises | DQ136: 10 | DS136: " | DX136: 10 | DZ136: " | EE136: 10 | EF136: 2B | EG136: SL Calf Raises | EK136: 3 ISO | EL136: 8 | EN136: " | ES136: 9 | EU136: " | EZ136: 10
DK137: 2C | DL137: Tread Water | DQ137: :30 | DS137: " | DX137: :30 | DZ137: " | EE137: :30 | EF137: 2C | EG137: Tread Water | EL137: :30 | EN137: " | ES137: :30 | EU137: " | EZ137: :30
DK138: 3A | DL138: SL Balance + Head Movement | DQ138: :30 | DS138: " | DX138: :30 | DZ138: " | EE138: :30 | EF138: 3A | EG138: SL Balance + Head Movement | EL138: :30 | EN138: " | ES138: :30 | EU138: " | EZ138: :30
DK139: 3B | DL139: SL 1/4 Squats | DQ139: 10 | DS139: " | DX139: 10 | DZ139: " | EE139: 10 | EF139: 3B | EG139: DL Mini Hops Forward | EL139: 10 | EN139: " | ES139: 10 | EU139: " | EZ139: 10
DK140: 3C | DL140: SL Calf Raises | DQ140: 10 | DS140: " | DX140: 10 | DZ140: " | EE140: 10 | EF140: 3C | EG140: Dl Mini Hops Sideways | EL140: 10 | EN140: " | ES140: 10 | EU140: " | EZ140: 10
A142: Hydro 2
A153: BFR 1
DK154: 1A | DL154: 1/2 Squat | DP154: 1:1:1 | DQ154: 30,15,15,15 | DS154: " | DX154: 30,15,15,15 | DZ154: " | EE154: 30,15,15,15 | EF154: 1A | EG154: SB Wall Squat to Parallel | EK154: 1:1:1 | EL154: 30,15,15,15 | EN154: " | ES154: 30,15,15,15 | EU154: " | EZ154: 30,15,15,15
DK155: 1B | DL155: DL Hamstring Bridge Up | DP155: 1:1:1 | DQ155: 30,15,15,15 | DS155: " | DX155: 30,15,15,15 | DZ155: " | EE155: 30,15,15,15 | EF155: 1B | EG155: Glute Bridge | EK155: 1:1:1 | EL155: 30,15,15,15 | EN155: " | ES155: 30,15,15,15 | EU155: " | EZ155: 30,15,15,15
...

Sheet Checklist
B1: -8 | C1: -7 | D1: -6 | E1: -5 | F1: -4 | G1: -3 | H1: -2 | I1: -1 | J1: 0 | K1: 1 | L1: 2 | M1: 3 | N1: 4 | O1: 5 | P1: 6 | Q1: 7 | R1: 8 | S1: 9 | T1: 10 | U1: 11 | V1: 12 | W1: 13 | X1: 14 | Y1: 15 | Z1: 16 | AA1: 17 | AB1: 18 | AC1: 19 | AD1: 20 | AE1: 21 | AF1: 22 | AG1: 23 | AH1: 24 | AI1: 25 | AJ1: 26 | AK1: 27 | AL1: 28 | AM1: 29 | AN1: 30 | AO1: 31 | AP1: 32 | AQ1: 33 | AR1: 34 | AS1: 35 | AT1: 36 | AU1: 37 | AV1: 38 | AW1: 39 | AX1: 40 | AY1: 41 | AZ1: 42 | BA1: 43 | BB1: 44 | BC1: 45 | BD1: 46 | BE1: 47 | BF1: 48 | BG1: 49 | BH1: 50 | BI1: 51 | BJ1: 52
A2: Move/Mobilize | B2: 1 | C2: 1 | D2: 1 | E2: 1 | F2: 1 | G2: 1 | H2: 1 | I2: 1 | J2: 1 | K2: 1 | L2: 1 | M2: 1 | N2: 1 | O2: 1 | P2: 1 | Q2: 1 | R2: 1 | S2: 1 | T2: 1 | U2: 1 | V2: 1 | W2: 1 | X2: 1 | Y2: 1 | Z2: 1 | AA2: 1 | AB2: 1 | AC2: 1 | AD2: 1 | AE2: 1 | AF2: 1 | AG2: 1 | AH2: 1 | AI2: 1 | AJ2: 1 | AK2: 1 | AL2: 1 | AM2: 1 | AN2: 1 | AO2: 1 | AP2: 1 | AQ2: 1 | AR2: 1 | AS2: 1 | AT2: 1 | AU2: 1 | AV2: 1 | AW2: 1 | AX2: 1 | AY2: 1 | AZ2: 1 | BA2: 1 | BB2: 1 | BC2: 1 | BD2: 1 | BE2: 1 | BF2: 1 | BG2: 1 | BH2: 1 | BI2: 1 | BJ2: 1
A3: Activation | D3: 1 | E3: 1 | F3: 1 | G3: 1 | H3: 1 | I3: 1 | M3: 1 | N3: 1 | O3: 1 | P3: 1 | Q3: 1 | R3: 1
A4: Potentiation | R4: 1
A5: Lower 1 | R5: 1 | S5: 1 | T5: 1 | U5: 1 | V5: 1 | W5: 1 | X5: 1 | Y5: 1 | Z5: 1 | AA5: 1 | AB5: 1 | AC5: 1 | AD5: 1 | AE5: 1 | AF5: 1 | AG5: 1 | AH5: 1 | AI5: 1 | AJ5: 1 | AK5: 1 | AL5: 1 | AM5: 1 | AN5: 1 | AO5: 1 | AP5: 1 | AQ5: 1 | AR5: 1 | AS5: 1 | AT5: 1 | AU5: 1 | AV5: 1 | AW5: 1 | AX5: 1 | AY5: 1 | AZ5: 1 | BA5: 1 | BB5: 1 | BC5: 1 | BD5: 1 | BE5: 1 | BF5: 1 | BG5: 1 | BH5: 1 | BI5: 1 | BJ5: 1
A6: Lower 2 | R6: 1 | S6: 1 | T6: 1 | U6: 1 | V6: 1 | W6: 1 | X6: 1 | Y6: 1 | Z6: 1 | AA6: 1 | AB6: 1 | AC6: 1 | AD6: 1 | AE6: 1 | AF6: 1 | AG6: 1 | AH6: 1 | AI6: 1 | AJ6: 1 | AK6: 1 | AL6: 1 | AM6: 1 | AN6: 1 | AO6: 1 | AP6: 1 | AQ6: 1 | AR6: 1 | AS6: 1 | AT6: 1 | AU6: 1 | AV6: 1 | AW6: 1 | AX6: 1 | AY6: 1 | AZ6: 1 | BA6: 1 | BB6: 1 | BC6: 1 | BD6: 1 | BE6: 1 | BF6: 1 | BG6: 1 | BH6: 1 | BI6: 1 | BJ6: 1
A7: Lower 3 | R7: 1 | S7: 1 | T7: 1 | U7: 1 | V7: 1 | W7: 1 | X7: 1 | Y7: 1 | Z7: 1 | AA7: 1 | AB7: 1 | AC7: 1 | AD7: 1 | AE7: 1 | AF7: 1 | AG7: 1 | AH7: 1 | AI7: 1 | AJ7: 1 | AK7: 1 | AL7: 1 | AM7: 1 | AN7: 1 | AO7: 1 | AP7: 1 | AQ7: 1 | AR7: 1 | AS7: 1 | AT7: 1 | AU7: 1 | AV7: 1 | AW7: 1 | AX7: 1 | AY7: 1 | AZ7: 1 | BA7: 1 | BB7: 1 | BC7: 1 | BD7: 1 | BE7: 1 | BF7: 1 | BG7: 1 | BH7: 1 | BI7: 1 | BJ7: 1
A8: Lower 4
A9: Non ACLR 1 | B9: 1 | C9: 1 | D9: 1 | E9: 1 | F9: 1 | G9: 1 | H9: 1 | I9: 1 | L9: 1 | M9: 1 | N9: 1 | O9: 1 | P9: 1 | Q9: 1 | R9: 1 | S9: 1 | T9: 1 | U9: 1 | V9: 1 | W9: 1 | X9: 1 | Y9: 1 | Z9: 1 | AA9: 1 | AB9: 1 | AC9: 1 | AD9: 1 | AE9: 1 | AF9: 1 | AG9: 1 | AH9: 1 | AI9: 1
A10: Non ACLR 2 | B10: 1 | C10: 1 | D10: 1 | E10: 1 | F10: 1 | G10: 1 | H10: 1 | I10: 1 | L10: 1 | M10: 1 | N10: 1 | O10: 1 | P10: 1 | Q10: 1 | R10: 1 | S10: 1 | T10: 1 | U10: 1 | V10: 1 | W10: 1 | X10: 1 | Y10: 1 | Z10: 1 | AA10: 1 | AB10: 1 | AC10: 1 | AD10: 1 | AE10: 1 | AF10: 1 | AG10: 1 | AH10: 1 | AI10: 1
A11: Non ACLR 3
A12: Hydro 1 | M12: 1 | N12: 1 | O12: 1 | P12: 1 | Q12: 1 | R12: 1 | S12: 1 | T12: 1 | U12: 1 | V12: 1 | W12: 1
A13: Hydro 2 | M13: 1 | N13: 1 | O13: 1 | P13: 1 | Q13: 1 | R13: 1 | S13: 1 | T13: 1 | U13: 1 | V13: 1 | W13: 1
A14: BFR 1 | E14: 1 | F14: 1 | G14: 1 | H14: 1 | I14: 1 | L14: 1 | M14: 1 | N14: 1 | O14: 1 | P14: 1 | Q14: 1 | R14: 1 | S14: 1 | T14: 1 | U14: 1 | V14: 1 | W14: 1 | X14: 1 | Y14: 1
A15: BFR 2 | E15: 1 | F15: 1 | G15: 1 | H15: 1 | I15: 1 | L15: 1 | M15: 1 | N15: 1 | O15: 1 | P15: 1 | Q15: 1 | R15: 1 | S15: 1 | T15: 1 | U15: 1 | V15: 1 | W15: 1 | X15: 1 | Y15: 1
A16: PLYO 1 | AA16: 1 | AB16: 1 | AC16: 1 | AD16: 1 | AE16: 1 | AF16: 1 | AG16: 1 | AH16: 1 | AI16: 1 | AJ16: 1 | AK16: 1 | AL16: 1 | AM16: 1 | AN16: 1 | AO16: 1 | AP16: 1 | AQ16: 1 | AR16: 1 | AS16: 1 | AT16: 1 | AU16: 1 | AV16: 1 | AW16: 1 | AX16: 1 | AY16: 1 | AZ16: 1 | BA16: 1 | BB16: 1 | BC16: 1 | BD16: 1 | BE16: 1 | BF16: 1 | BG16: 1 | BH16: 1 | BI16: 1 | BJ16: 1
A17: PLYO 2 | AA17: 1 | AB17: 1 | AC17: 1 | AD17: 1 | AE17: 1 | AF17: 1 | AG17: 1 | AH17: 1 | AI17: 1 | AJ17: 1 | AK17: 1 | AL17: 1 | AM17: 1 | AN17: 1 | AO17: 1 | AP17: 1 | AQ17: 1 | AR17: 1 | AS17: 1 | AT17: 1 | AU17: 1 | AV17: 1 | AW17: 1 | AX17: 1 | AY17: 1 | AZ17: 1 | BA17: 1 | BB17: 1 | BC17: 1 | BD17: 1 | BE17: 1 | BF17: 1 | BG17: 1 | BH17: 1 | BI17: 1 | BJ17: 1
A18: PLYO 3 | AA18: 1 | AB18: 1 | AC18: 1 | AD18: 1 | AE18: 1 | AF18: 1 | AG18: 1 | AH18: 1 | AI18: 1 | AJ18: 1 | AK18: 1 | AL18: 1 | AM18: 1 | AN18: 1 | AO18: 1 | AP18: 1 | AQ18: 1 | AR18: 1 | AS18: 1 | AT18: 1 | AU18: 1 | AV18: 1 | AW18: 1 | AX18: 1 | AY18: 1 | AZ18: 1 | BA18: 1 | BB18: 1 | BC18: 1 | BD18: 1 | BE18: 1 | BF18: 1 | BG18: 1 | BH18: 1 | BI18: 1 | BJ18: 1
A19: SAQ 1 | AE19: 1 | AF19: 1 | AG19: 1 | AH19: 1 | AI19: 1 | AJ19: 1 | AK19: 1 | AL19: 1 | AM19: 1 | AN19: 1 | AO19: 1 | AP19: 1 | AQ19: 1 | AR19: 1 | AS19: 1 | AT19: 1 | AU19: 1 | AV19: 1 | AW19: 1 | AX19: 1 | AY19: 1 | AZ19: 1 | BA19: 1 | BB19: 1 | BC19: 1 | BD19: 1 | BE19: 1 | BF19: 1 | BG19: 1 | BH19: 1 | BI19: 1 | BJ19: 1
A20: SAQ 2 | AE20: 1 | AF20: 1 | AG20: 1 | AH20: 1 | AI20: 1 | AJ20: 1 | AK20: 1 | AL20: 1 | AM20: 1 | AN20: 1 | AO20: 1 | AP20: 1 | AQ20: 1 | AR20: 1 | AS20: 1 | AT20: 1 | AU20: 1 | AV20: 1 | AW20: 1 | AX20: 1 | AY20: 1 | AZ20: 1 | BA20: 1 | BB20: 1 | BC20: 1 | BD20: 1 | BE20: 1 | BF20: 1 | BG20: 1 | BH20: 1 | BI20: 1 | BJ20: 1
A21: ES1 | N21: 1 | O21: 1 | P21: 1 | Q21: 1 | R21: 1 | S21: 1 | T21: 1 | U21: 1 | V21: 1 | W21: 1 | X21: 1 | Y21: 1 | Z21: 1 | AA21: 1 | AB21: 1 | AC21: 1 | AD21: 1 | AE21: 1 | AF21: 1 | AG21: 1 | AH21: 1 | AI21: 1 | AJ21: 1 | AK21: 1 | AL21: 1 | AM21: 1 | AN21: 1 | AO21: 1 | AP21: 1 | AQ21: 1 | AR21: 1 | AS21: 1 | AT21: 1 | AU21: 1 | AV21: 1 | AW21: 1 | AX21: 1 | AY21: 1 | AZ21: 1 | BA21: 1 | BB21: 1 | BC21: 1 | BD21: 1 | BE21: 1 | BF21: 1 | BG21: 1 | BH21: 1 | BI21: 1 | BJ21: 1
A22: ES2 | N22: 1 | O22: 1 | P22: 1 | Q22: 1 | R22: 1 | S22: 1 | T22: 1 | U22: 1 | V22: 1 | W22: 1 | X22: 1 | Y22: 1 | Z22: 1 | AA22: 1 | AB22: 1 | AC22: 1 | AD22: 1 | AE22: 1 | AF22: 1 | AG22: 1 | AH22: 1 | AI22: 1 | AJ22: 1 | AK22: 1 | AL22: 1 | AM22: 1 | AN22: 1 | AO22: 1 | AP22: 1 | AQ22: 1 | AR22: 1 | AS22: 1 | AT22: 1 | AU22: 1 | AV22: 1 | AW22: 1 | AX22: 1 | AY22: 1 | AZ22: 1 | BA22: 1 | BB22: 1 | BC22: 1 | BD22: 1 | BE22: 1 | BF22: 1 | BG22: 1 | BH22: 1 | BI22: 1 | BJ22: 1
A23: ES3
A24: Accessory 1
A25: Accessory 2
A26: Acc. Triplet 1
A27: Acc. Triplet 2
A28: Acc. Triplet 3
A29: Acc. Triplet 4
A30: Accessory 5
A31: Accessory 6
A32: Accessory 7
A33: Accessory 8

Sheet 1
A2: Program Objectives | D2: Program Rationale | X2: Pre/During-Programming Notes | BF2: Next Steps
A3: 1 | BF3: 1
A4: 2 | BF4: 2
A5: 3 | BF5: 3
A6: 4 | BF6: 4
A7: 5 | BF7: 5
A8: 6 | BF8: 6
A9: 7 | BF9: 7
Z11: Date: | AD11: =INDEX([2]ControlPanel!$AM$4:$AO$35,MATCH($AR$11,[2]ControlPanel!$AM$4:$AM$35,0),2) -> 45432 | AF11: - | AG11: =INDEX([2]ControlPanel!$AM$4:$AO$35,MATCH($AR$11,[2]ControlPanel!$AM$4:$AM$35,0),3) -> 45427 | AO11: Phase: | AR11: Meso 1 | BH11: Planned | BN11: Actual
K13: Week 8 | Y13: Week 9 | AO13: Week 10 | BF13: Days | BH13: Ski | BI13: Mob. | BJ13: Preh | BK13: Str. | BL13: Con. | BM13: Sport | BN13: Ski | BO13: Mob. | BP13: Preh | BQ13: Str. | BR13: Con. | BS13: Sport
E14: Plyo Load | F14: Plyo Reps | K14: Elevate HR | U14: 1 | V14: 2 | W14: 3 | AI14: 1 | AJ14: 2 | AM14: 3 | AY14: 1 | AZ14: 2 | BA14: 3 | BF14: =COUNT(BF16:BF43) -> 1 | BH14: =COUNTA(BH16:BH43) -> 0 | BI14: =COUNTA(BI16:BI43) -> 0 | BJ14: =COUNTA(BJ16:BJ43) -> 0 | BK14: =COUNTA(BK16:BK43) -> 0 | BL14: =COUNTA(BL16:BL43) -> 0 | BM14: =COUNTA(BM16:BM43) -> 0 | BN14: =COUNTA(BN16:BN43) -> 0 | BO14: =COUNTA(BO16:BO43) -> 0 | ... BS14: =COUNTA(BS16:BS43) -> 0
A15: ExerciseCategory | C15: SetRepScheme | D15: 1RM | G15: %BM | H15: /side | K15: 1 | L15: Spin Bike | U15: 5 | V15: 5 | W15: 5 | Y15: 1 | Z15: Spin Bike | AI15: 5 | AJ15: 5 | AM15: 5 | AO15: 1 | AP15: Spin Bike | AY15: 5 | AZ15: 5 | BA15: 5
A16: Prehab | B16: RE | C16: Empty | D16: =IFERROR(INDEX([2]!Table1RM[#Data],MATCH($M$56,[2]!Table1RM[Athlete],0),MATCH($L16,[2]!Table1RM[#Headers],0)),"") | E16: =IF($B16="PE",INDEX([2]ExerciseInventory!$J$2:$L$276,MATCH($L16,[2]ExerciseInventory!$J$2:$J$287,0),2),"") | F16: =IF($B16="PE",INDEX([2]ExerciseInventory!$J$2:$L$276,MATCH($L16,[2]ExerciseInventory!$J$2:$J$287,0),3),"") | BF16: =$AD$11 -> 45432
A17: Prehab | B17: RE | C17: Empty | D17: =IFERROR(INDEX([2]!Table1RM[#Data],MATCH($M$56,[2]!Table1RM[Athlete],0),MATCH($L17,[2]!Table1RM[#Headers],0)),"") | E17: =IF($B17="PE",INDEX([2]ExerciseInventory!$J$2:$L$276,MATCH($L17,[2]ExerciseInventory!$J$2:$J$287,0),2),"") | F17: =IF($B17="PE",INDEX([2]ExerciseInventory!$J$2:$L$276,MATCH($L17,[2]ExerciseInventory!$J$2:$J$287,0),3),"") | K17: Movement and Mobility | U17: 1 | V17: 2 | W17: 3 | AI17: 1 | AJ17: 2 | AM17: 3 | AY17: 1 | AZ17: 2 | BA17: 3 | BF17: =IFERROR(IF(BF16+1<=$AG$11,BF16+1,NA()),"")
A18: Prehab | B18: RE | C18: Empty | D18: =IFERROR(INDEX([2]!Table1RM[#Data],MATCH($M$56,[2]!Table1RM[Athlete],0),MATCH($L18,[2]!Table1RM[#Headers],0)),"") | E18: =IF($B18="PE",INDEX([2]ExerciseInventory!$J$2:$L$276,MATCH($L18,[2]ExerciseInventory!$J$2:$J$287,0),2),"") | F18: =IF($B18="PE",INDEX([2]ExerciseInventory!$J$2:$L$276,MATCH($L18,[2]ExerciseInventory!$J$2:$J$287,0),3),"") | K18: 1 | L18: Cat Camel | U18: 6 | V18: 6 | W18: 6 | Y18: 1 | Z18: Cat Camel | AI18: 6 | AJ18: 6 | AM18: 6 | AO18: 1 | AP18: Cat Camel | AY18: 6 | AZ18: 6 | BA18: 6 | BF18: =IFERROR(IF(BF17+1<=$AG$11,BF17+1,NA()),"")
A19: Prehab | B19: RE | C19: Empty | D19: =IFERROR(INDEX([2]!Table1RM[#Data],MATCH($M$56,[2]!Table1RM[Athlete],0),MATCH($L19,[2]!Table1RM[#Headers],0)),"") | E19: =IF($B19="PE",INDEX([2]ExerciseInventory!$J$2:$L$276,MATCH($L19,[2]ExerciseInventory!$J$2:$J$287,0),2),"") | F19: =IF($B19="PE",INDEX([2]ExerciseInventory!$J$2:$L$276,MATCH($L19,[2]ExerciseInventory!$J$2:$J$287,0),3),"") | K19: 2 | L19: Side to Side Knee Rolls | U19: 8 | V19: 8 | W19: 8 | Y19: 2 | Z19: Side to Side Knee Rolls | AI19: 8 | AJ19: 8 | AM19: 8 | AO19: 2 | AP19: Side to Side Knee Rolls | AY19: 8 | AZ19: 8 | BA19: 8 | BF19: =IFERROR(IF(BF18+1<=$AG$11,BF18+1,NA()),"")
A20: Prehab | B20: RE | C20: Empty | D20: =IFERROR(INDEX([2]!Table1RM[#Data],MATCH($M$56,[2]!Table1RM[Athlete],0),MATCH($L20,[2]!Table1RM[#Headers],0)),"") | E20: =IF($B20="PE",INDEX([2]ExerciseInventory!$J$2:$L$276,MATCH($L20,[2]ExerciseInventory!$J$2:$J$287,0),2),"") | F20: =IF($B20="PE",INDEX([2]ExerciseInventory!$J$2:$L$276,MATCH($L20,[2]ExerciseInventory!$J$2:$J$287,0),3),"") | K20: 3 | L20: Heel Slides | U20: 10 | V20: 10 | W20: 10 | Y20: 3 | Z20: Heel Slides | AI20: 10 | AJ20: 10 | AM20: 10 | AO20: 3 | AP20: Heel Slides | AY20: 10 | AZ20: 10 | BA20: 10 | BF20: =IFERROR(IF(BF19+1<=$AG$11,BF19+1,NA()),"")
A21: ExerciseCategory | C21: SetRepScheme | D21: 1RM | E21: P-L | F21: P-R | G21: %BM | H21: /side | K21: 4 | L21: Leg Swings - small ROM, all directions | U21: 8 | V21: 8 | W21: 8 | Y21: 4 | Z21: Leg Swings - small ROM, all directions | AI21: 8 | AJ21: 8 | AM21: 8 | AO21: 4 | AP21: Leg Swings - small ROM, all directions | AY21: 8 | AZ21: 8 | BA21: 8 | BF21: =IFERROR(IF(BF20+1<=$AG$11,BF20+1,NA()),"")
A22: Prehab | B22: RE | C22: Empty | D22: =IFERROR(INDEX([2]!Table1RM[#Data],MATCH($M$56,[2]!Table1RM[Athlete],0),MATCH($L22,[2]!Table1RM[#Headers],0)),"") | E22: =IF($B22="PE",INDEX([2]ExerciseInventory!$J$2:$L$276,MATCH($L22,[2]ExerciseInventory!$J$2:$J$287,0),2),"") | F22: =IF($B22="PE",INDEX([2]ExerciseInventory!$J$2:$L$276,MATCH($L22,[2]ExerciseInventory!$J$2:$J$287,0),3),"") | K22: 5 | L22: Air Squat | U22: 8 | V22: 8 | W22: 8 | Y22: 5 | Z22: Air Squat w/ dowel | AI22: 8 | AJ22: 8 | AM22: 8 | AO22: 5 | AP22: Air Squat w/ dowel | AY22: 8 | AZ22: 8 | BA22: 8 | BF22: =IFERROR(IF(BF21+1<=$AG$11,BF21+1,NA()),"")
A23: Prehab | B23: RE | C23: Empty | D23: =IFERROR(INDEX([2]!Table1RM[#Data],MATCH($M$56,[2]!Table1RM[Athlete],0),MATCH($L23,[2]!Table1RM[#Headers],0)),"") | E23: =IF($B23="PE",INDEX([2]ExerciseInventory!$J$2:$L$276,MATCH($L23,[2]ExerciseInventory!$J$2:$J$287,0),2),"") | F23: =IF($B23="PE",INDEX([2]ExerciseInventory!$J$2:$L$276,MATCH($L23,[2]ExerciseInventory!$J$2:$J$287,0),3),"") | K23: 6 | L23: SL RDL + Rotation w/ support | U23: 4 | V23: 4 | W23: 4 | Y23: 6 | Z23: SL RDL + Rotation w/ support | AI23: 4 | AJ23: 4 | AM23: 4 | AO23: 6 | AP23: SL RDL + Rotation w/ support | AY23: 4 | AZ23: 4 | BA23: 4 | BF23: =IFERROR(IF(BF22+1<=$AG$11,BF22+1,NA()),"")
A24: Prehab | B24: RE | C24: Empty | D24: =IFERROR(INDEX([2]!Table1RM[#Data],MATCH($M$56,[2]!Table1RM[Athlete],0),MATCH($L24,[2]!Table1RM[#Headers],0)),"") | E24: =IF($B24="PE",INDEX([2]ExerciseInventory!$J$2:$L$276,MATCH($L24,[2]ExerciseInventory!$J$2:$J$287,0),2),"") | F24: =IF($B24="PE",INDEX([2]ExerciseInventory!$J$2:$L$276,MATCH($L24,[2]ExerciseInventory!$J$2:$J$287,0),3),"") | K24: 7 | L24: Split Squats | U24: 8 | V24: 8 | W24: 8 | Y24: 7 | Z24: Split Squats | AI24: 8 | AJ24: 8 | AM24: 8 | AO24: 7 | AP24: Split Squats | AY24: 8 | AZ24: 8 | BA24: 8 | BF24: =IFERROR(IF(BF23+1<=$AG$11,BF23+1,NA()),"")
A25: Prehab | B25: RE | C25: Empty | D25: =IFERROR(INDEX([2]!Table1RM[#Data],MATCH($M$56,[2]!Table1RM[Athlete],0),MATCH($L25,[2]!Table1RM[#Headers],0)),"") | E25: =IF($B25="PE",INDEX([2]ExerciseInventory!$J$2:$L$276,MATCH($L25,[2]ExerciseInventory!$J$2:$J$287,0),2),"") | F25: =IF($B25="PE",INDEX([2]ExerciseInventory!$J$2:$L$276,MATCH($L25,[2]ExerciseInventory!$J$2:$J$287,0),3),"") | K25: 8 | L25: Alt. Hip 90-90s | U25: 8 | V25: 8 | W25: 8 | Y25: 8 | Z25: Alt. Hip 90-90s | AI25: 8 | AJ25: 8 | AM25: 8 | AO25: 8 | AP25: Alt. Hip 90-90s | AY25: 8 | AZ25: 8 | BA25: 8 | BF25: =IFERROR(IF(BF24+1<=$AG$11,BF24+1,NA()),"")
A26: Prehab | B26: RE | C26: Empty | D26: =IFERROR(INDEX([2]!Table1RM[#Data],MATCH($M$56,[2]!Table1RM[Athlete],0),MATCH($L26,[2]!Table1RM[#Headers],0)),"") | E26: =IF($B26="PE",INDEX([2]ExerciseInventory!$J$2:$L$276,MATCH($L26,[2]ExerciseInventory!$J$2:$J$287,0),2),"") | F26: =IF($B26="PE",INDEX([2]ExerciseInventory!$J$2:$L$276,MATCH($L26,[2]ExerciseInventory!$J$2:$J$287,0),3),"") | K26: 9 | L26: Kneeling Sit Back on Heels (:05 ISO) | U26: 6 | V26: 6 | W26: 6 | Y26: 9 | Z26: Kneeling Sit Back on Heels (:05 ISO) | AI26: 6 | AJ26: 6 | AM26: 6 | AO26: 9 | AP26: Kneeling Sit Back on Heels (:05 ISO) | AY26: 6 | AZ26: 6 | BA26: 6 | BF26: =IFERROR(IF(BF25+1<=$AG$11,BF25+1,NA()),"")
A27: Prehab | B27: RE | C27: Empty | D27: =IFERROR(INDEX([2]!Table1RM[#Data],MATCH($M$56,[2]!Table1RM[Athlete],0),MATCH($L27,[2]!Table1RM[#Headers],0)),"") | E27: =IF($B27="PE",INDEX([2]ExerciseInventory!$J$2:$L$276,MATCH($L27,[2]ExerciseInventory!$J$2:$J$287,0),2),"") | F27: =IF($B27="PE",INDEX([2]ExerciseInventory!$J$2:$L$276,MATCH($L27,[2]ExerciseInventory!$J$2:$J$287,0),3),"") | BF27: =IFERROR(IF(BF26+1<=$AG$11,BF26+1,NA()),"")
A28: Prehab | B28: RE | C28: Empty | D28: =IFERROR(INDEX([2]!Table1RM[#Data],MATCH($M$56,[2]!Table1RM[Athlete],0),MATCH($L28,[2]!Table1RM[#Headers],0)),"") | E28: =IF($B28="PE",INDEX([2]ExerciseInventory!$J$2:$L$276,MATCH($L28,[2]ExerciseInventory!$J$2:$J$287,0),2),"") | F28: =IF($B28="PE",INDEX([2]ExerciseInventory!$J$2:$L$276,MATCH($L28,[2]ExerciseInventory!$J$2:$J$287,0),3),"") | K28: Activation | U28: 2x | V28: 2x | W28: 2x | AI28: 2x | AJ28: 2x | AM28: 2x | AY28: 2x | AZ28: 2x | BA28: 2x | BF28: =IFERROR(IF(BF27+1<=$AG$11,BF27+1,NA()),"")
A29: Prehab | B29: RE | C29: Empty | D29: =IFERROR(INDEX([2]!Table1RM[#Data],MATCH($M$56,[2]!Table1RM[Athlete],0),MATCH($L29,[2]!Table1RM[#Headers],0)),"") | E29: =IF($B29="PE",INDEX([2]ExerciseInventory!$J$2:$L$276,MATCH($L29,[2]ExerciseInventory!$J$2:$J$287,0),2),"") | F29: =IF($B29="PE",INDEX([2]ExerciseInventory!$J$2:$L$276,MATCH($L29,[2]ExerciseInventory!$J$2:$J$287,0),3),"") | K29: 1A | L29: Standing TKE w/ band (:05 ISO) | U29: 6 | V29: 6 | Y29: 1A | Z29: Standing TKE w/ band (:05 ISO) | AI29: 7 | AJ29: 7 | AO29: 1A | AP29: ISO SL Extension - Test Hold & Push | AY29: 2x :30 | AZ29: 3x :30 | BA29: 3x :30 | BF29: =IFERROR(IF(BF28+1<=$AG$11,BF28+1,NA()),"")
A30: Prehab | B30: RE | C30: Empty | D30: =IFERROR(INDEX([2]!Table1RM[#Data],MATCH($M$56,[2]!Table1RM[Athlete],0),MATCH($L30,[2]!Table1RM[#Headers],0)),"") | E30: =IF($B30="PE",INDEX([2]ExerciseInventory!$J$2:$L$276,MATCH($L30,[2]ExerciseInventory!$J$2:$J$287,0),2),"") | F30: =IF($B30="PE",INDEX([2]ExerciseInventory!$J$2:$L$276,MATCH($L30,[2]ExerciseInventory!$J$2:$J$287,0),3),"") | K30: 1B | L30: Low Lateral Monster Walks w/ mini band | U30: 10 | V30: 10 | Y30: 1B | Z30: Standing Hip Flexion - Green mb (:01 ISO) | AI30: 7 | AJ30: 7 | AO30: 1B | AP30: Standing Hip Flexion - Green mb - MB OH :01 ISO | AY30: 6 | AZ30: 7 | BF30: =IFERROR(IF(BF29+1<=$AG$11,BF29+1,NA()),"")
A31: Prehab | B31: RE | C31: Empty | D31: =IFERROR(INDEX([2]!Table1RM[#Data],MATCH($M$56,[2]!Table1RM[Athlete],0),MATCH($L31,[2]!Table1RM[#Headers],0)),"") | E31: =IF($B31="PE",INDEX([2]ExerciseInventory!$J$2:$L$276,MATCH($L31,[2]ExerciseInventory!$J$2:$J$287,0),2),"") | F31: =IF($B31="PE",INDEX([2]ExerciseInventory!$J$2:$L$276,MATCH($L31,[2]ExerciseInventory!$J$2:$J$287,0),3),"") | K31: 1C | L31: Standing Hip Flexion - Yellow mb (:01 ISO) | U31: 6 | V31: 6 | Y31: 1C | Z31: Backwards Treadmill Walking | AI31: 0.125 | AJ31: 0.125 | AO31: 1C | AP31: Backwards Treadmill Walking | AY31: 0.125 | AZ31: 0.125 | BF31: =IFERROR(IF(BF30+1<=$AG$11,BF30+1,NA()),"")
A32: ExerciseCategory | C32: SetRepScheme | D32: 1RM | E32: P-L | F32: P-R | G32: %BM | H32: /side | K32: 2A | L32: SL 3-way Step Down, 2 blocks | U32: 4 | W32: 4 | Y32: 2A | Z32: SL 3-way Step Down, 2-3 blocks, red band | AI32: 4 | AM32: 4 | AO32: 2A | AP32: SL 3-way Step Down, 2-3 blocks, red band | AY32: 5 | BA32: 5 | BF32: =IFERROR(IF(BF31+1<=$AG$11,BF31+1,NA()),"")
K33: 2B | L33: Lateral MH Step Overs | U33: 8/s | W33: 8 | Y33: 2B | Z33: Lateral MH Step Overs | AI33: 10/s | AM33: 10 | AO33: 2B | AP33: Lateral MH Step Over/Under | AY33: 6e/s | BA33: 6 | BF33: =IFERROR(IF(BF32+1<=$AG$11,BF32+1,NA()),"")
A34: Prehab | B34: RE | C34: Empty | D34: =IFERROR(INDEX([2]!Table1RM[#Data],MATCH($M$56,[2]!Table1RM[Athlete],0),MATCH($L34,[2]!Table1RM[#Headers],0)),"") | E34: =IF($B34="PE",INDEX([2]ExerciseInventory!$J$2:$L$276,MATCH($L34,[2]ExerciseInventory!$J$2:$J$287,0),2),"") | F34: =IF($B34="PE",INDEX([2]ExerciseInventory!$J$2:$L$276,MATCH($L34,[2]ExerciseInventory!$J$2:$J$287,0),3),"") | K34: 2C | L34: Bird Dog Leg Extensions (:02 ISO) | U34: 6 | W34: 6 | Y34: 2C | Z34: Bird Dog Leg Extensions (:02 ISO) | AI34: 8/s | AM34: 8 | AO34: 2C | AP34: Bird Dogs (Arm & Leg) (:02 ISO) | AY34: 6/s | BA34: 6 | BF34: =IFERROR(IF(BF33+1<=$AG$11,BF33+1,NA()),"")
K35: 3A | L35: SL Wall Sit (:10 ISO) | V35: 3 | W35: 3 | Y35: 3A | Z35: SL Wall Sit (:15 ISO) | AJ35: 2/s | AM35: 2 | AO35: 3A | AP35: SL Decline Wall Sit (:15 ISO) - 90deg? | AZ35: 2/s | BA35: 2 | BF35: =IFERROR(IF(BF34+1<=$AG$11,BF34+1,NA()),"")
A36: Prehab | B36: RE | C36: Empty | D36: =IFERROR(INDEX([2]!Table1RM[#Data],MATCH($M$56,[2]!Table1RM[Athlete],0),MATCH($L36,[2]!Table1RM[#Headers],0)),"") | E36: =IF($B36="PE",INDEX([2]ExerciseInventory!$J$2:$L$276,MATCH($L36,[2]ExerciseInventory!$J$2:$J$287,0),2),"") | F36: =IF($B36="PE",INDEX([2]ExerciseInventory!$J$2:$L$276,MATCH($L36,[2]ExerciseInventory!$J$2:$J$287,0),3),"") | K36: 3B | L36: Standing Hip ADD w/ cable | V36: 10 | W36: 10 | Y36: 3B | Z36: Knee Side Plank + Clamshell | AJ36: 8/s | AM36: 8 | AO36: 3B | AP36: Knee Side Plank + opp Straight Leg Raise | AZ36: 8/s | BA36: 8 | BF36: =IFERROR(IF(BF35+1<=$AG$11,BF35+1,NA()),"")
K37: 3C | L37: Alt. Dead Bug Leg Ext. w/ OH band | V37: 8 | W37: 8 | Y37: 3C | Z37: Alt. Dead Bug Leg Ext. w/ OH band | AJ37: 10/s | AM37: 10 | AO37: 3C | AP37: Alt. Dead Bug Leg Ext. w/ OH band | AZ37: 10/s | BA37: 10 | BF37: =IFERROR(IF(BF36+1<=$AG$11,BF36+1,NA()),"")
A38: Prehab | B38: RE | C38: Empty | D38: =IFERROR(INDEX([2]!Table1RM[#Data],MATCH($M$56,[2]!Table1RM[Athlete],0),MATCH($L38,[2]!Table1RM[#Headers],0)),"") | E38: =IF($B38="PE",INDEX([2]ExerciseInventory!$J$2:$L$276,MATCH($L38,[2]ExerciseInventory!$J$2:$J$287,0),2),"") | F38: =IF($B38="PE",INDEX([2]ExerciseInventory!$J$2:$L$276,MATCH($L38,[2]ExerciseInventory!$J$2:$J$287,0),3),"") | BF38: =IFERROR(IF(BF37+1<=$AG$11,BF37+1,NA()),"")
K39: Balance and Proprioception | U39: 2x | V39: 2x | W39: 2x | AI39: 2x | AJ39: 2x | AM39: 2x | AY39: 2x | AZ39: 2x | BA39: 2x | BF39: =IFERROR(IF(BF38+1<=$AG$11,BF38+1,NA()),"")
A40: Prehab | B40: RE | C40: Empty | D40: =IFERROR(INDEX([2]!Table1RM[#Data],MATCH($M$56,[2]!Table1RM[Athlete],0),MATCH($L40,[2]!Table1RM[#Headers],0)),"") | E40: =IF($B40="PE",INDEX([2]ExerciseInventory!$J$2:$L$276,MATCH($L40,[2]ExerciseInventory!$J$2:$J$287,0),2),"") | F40: =IF($B40="PE",INDEX([2]ExerciseInventory!$J$2:$L$276,MATCH($L40,[2]ExerciseInventory!$J$2:$J$287,0),3),"") | K40: 1A | L40: DL Squats - Bosu (flat up) | U40: 8 | W40: 8 | Y40: 1A | Z40: Square Balance Board L-R | AI40: :30 | AM40: :30 | AO40: 1 | AP40: ISO Decline Squat + Lateral Reaches | AY40: :30 | AZ40: :30 | BF40: =IFERROR(IF(BF39+1<=$AG$11,BF39+1,NA()),"")
K41: 1B | L41: Active SL Balance | U41: :30 | W41: :30 | Y41: 1B | Z41: DL Squats - Bosu (flat up) - plate | AI41: 8 | AM41: 8 | AO41: 2 | AP41: Alt. MB Rot. Pass- BOSU - Facing Wall | AY41: 8/s | BA41: 8 | BF41: =IFERROR(IF(BF40+1<=$AG$11,BF40+1,NA()),"")
A42: Prehab | B42: RE | C42: Empty | D42: =IFERROR(INDEX([2]!Table1RM[#Data],MATCH($M$56,[2]!Table1RM[Athlete],0),MATCH($L42,[2]!Table1RM[#Headers],0)),"") | E42: =IF($B42="PE",INDEX([2]ExerciseInventory!$J$2:$L$276,MATCH($L42,[2]ExerciseInventory!$J$2:$J$287,0),2),"") | F42: =IF($B42="PE",INDEX([2]ExerciseInventory!$J$2:$L$276,MATCH($L42,[2]ExerciseInventory!$J$2:$J$287,0),3),"") | K42: 1C | L42: ISO Lunge + Eyes Closed | U42: :20 | W42: :20 | Y42: 1C | Z42: Active SL Balance - eyes closed | AI42: :20 | AM42: :20 | AO42: 3 | AP42: DL Half Squats - Balance Board | AY42: 8 | AZ42: 8 | BA42: 8 | BF42: =IFERROR(IF(BF41+1<=$AG$11,BF41+1,NA()),"")
AO43: 4 | AP43: Active SL Balance - eyes closed | AZ43: :30 | BA43: :30 | BF43: =IFERROR(IF(BF42+1<=$AG$11,BF42+1,NA()),"")
A44: Prehab | B44: RE | C44: Empty | D44: =IFERROR(INDEX([2]!Table1RM[#Data],MATCH($M$56,[2]!Table1RM[Athlete],0),MATCH($L44,[2]!Table1RM[#Headers],0)),"") | E44: =IF($B44="PE",INDEX([2]ExerciseInventory!$J$2:$L$276,MATCH($L44,[2]ExerciseInventory!$J$2:$J$287,0),2),"") | F44: =IF($B44="PE",INDEX([2]ExerciseInventory!$J$2:$L$276,MATCH($L44,[2]ExerciseInventory!$J$2:$J$287,0),3),"") | AO44: 5 | BF44: =IFERROR(IF(BF43+1<=$AG$11,BF43+1,NA()),"")
AO45: 6 | BF45: =IFERROR(IF(BF44+1<=$AG$11,BF44+1,NA()),"")
A46: Prehab | B46: RE | C46: Empty | D46: =IFERROR(INDEX([2]!Table1RM[#Data],MATCH($M$56,[2]!Table1RM[Athlete],0),MATCH($L46,[2]!Table1RM[#Headers],0)),"") | E46: =IF($B46="PE",INDEX([2]ExerciseInventory!$J$2:$L$276,MATCH($L46,[2]ExerciseInventory!$J$2:$J$287,0),2),"") | F46: =IF($B46="PE",INDEX([2]ExerciseInventory!$J$2:$L$276,MATCH($L46,[2]ExerciseInventory!$J$2:$J$287,0),3),"") | BF46: =IFERROR(IF(BF45+1<=$AG$11,BF45+1,NA()),"")
K47: Dynamic | U47: 2x | V47: 2x | W47: 2x | AI47: 2x | AJ47: 2x | AM47: 2x | AY47: 2x | AZ47: 2x | BA47: 2x | BF47: =IFERROR(IF(BF46+1<=$AG$11,BF46+1,NA()),"")
A48: Prehab | B48: RE | C48: Empty | D48: =IFERROR(INDEX([2]!Table1RM[#Data],MATCH($M$56,[2]!Table1RM[Athlete],0),MATCH($L48,[2]!Table1RM[#Headers],0)),"") | E48: =IF($B48="PE",INDEX([2]ExerciseInventory!$J$2:$L$276,MATCH($L48,[2]ExerciseInventory!$J$2:$J$287,0),2),"") | F48: =IF($B48="PE",INDEX([2]ExerciseInventory!$J$2:$L$276,MATCH($L48,[2]ExerciseInventory!$J$2:$J$287,0),3),"") | K48: 1A | L48: MB Slam - 50% Effort | U48: 6 | W48: 6 | Y48: 1 | Z48: MB Slam - 70% Effort | AI48: 8 | AM48: 8 | AO48: 1 | AP48: MB Slam - R leg bias? | AY48: 6 | AZ48: 6 | BF48: =IFERROR(IF(BF47+1<=$AG$11,BF47+1,NA()),"")
K49: 1B | L49: Alt. MB Rot. Pass - Facing Wall | U49: 6/s | W49: 6 | Y49: 2 | Z49: Alt. MB Rot. Pass - Facing Wall | AI49: 6/s | AM49: 6 | AO49: 2 | AP49: Lateral Rot. Pass (50% Effort) | AY49: 3 | BA49: 3 | BF49: =IFERROR(IF(BF48+1<=$AG$11,BF48+1,NA()),"")
A50: Prehab | B50: RE | C50: Empty | D50: =IFERROR(INDEX([2]!Table1RM[#Data],MATCH($M$56,[2]!Table1RM[Athlete],0),MATCH($L50,[2]!Table1RM[#Headers],0)),"") | E50: =IF($B50="PE",INDEX([2]ExerciseInventory!$J$2:$L$276,MATCH($L50,[2]ExerciseInventory!$J$2:$J$287,0),2),"") | F50: =IF($B50="PE",INDEX([2]ExerciseInventory!$J$2:$L$276,MATCH($L50,[2]ExerciseInventory!$J$2:$J$287,0),3),"") | K50: 1C | L50: 1/2 Squat + MB Chest Pass | U50: 6 | W50: 6 | Y50: 3 | Z50: 1/2 Squat + MB Chest Pass - 70% effort | AI50: 6 | AM50: 6 | AO50: 3 | AP50: 1/2 Squat + Upward Granny Toss | AZ50: 5 | BA50: 5 | BF50: =IFERROR(IF(BF49+1<=$AG$11,BF49+1,NA()),"")
Y51: 4 | AO51: 4 | BF51: =IFERROR(IF(BF50+1<=$AG$11,BF50+1,NA()),"")
A52: Prehab | B52: RE | C52: Empty | D52: =IFERROR(INDEX([2]!Table1RM[#Data],MATCH($M$56,[2]!Table1RM[Athlete],0),MATCH($L52,[2]!Table1RM[#Headers],0)),"") | E52: =IF($B52="PE",INDEX([2]ExerciseInventory!$J$2:$L$276,MATCH($L52,[2]ExerciseInventory!$J$2:$J$287,0),2),"") | F52: =IF($B52="PE",INDEX([2]ExerciseInventory!$J$2:$L$276,MATCH($L52,[2]ExerciseInventory!$J$2:$J$287,0),3),"") | Y52: 5 | AO52: 5 | BF52: =IFERROR(IF(BF51+1<=$AG$11,BF51+1,NA()),"")
Y53: 6 | AO53: 6 | BF53: =IFERROR(IF(BF52+1<=$AG$11,BF52+1,NA()),"")
Y54: 7 | AO54: 7
E56: BM | F56: =IFERROR(INDEX([2]!Table1RM[#Data],MATCH($M$56,[2]!Table1RM[Athlete],0),MATCH($E$56,[2]!Table1RM[#Headers],0)),"") | Z56: Date: | AD56: =$AD$11 -> 45432 | AF56: - | AG56: =$AG$11 -> 45427 | AO56: Phase: | AQ56: =$AR$11 -> Meso 1
E58: 1/2 BM | F58: =$F$56*0.5 -> #VALUE! | K58: Lift | L58: 2x | Z58: Lift | AB58: 2x | AP58: Lift | AQ58: 2x
E59: 1/4 BM | F59: =$F$56*0.25 -> #VALUE! | K59: 1 | Z59: 2 | AP59: 3
E61: Plyo Load | F61: Plyo Reps | K61: Lift 1 | U61: Date: | AD61: Date: | AM61: Date: | AV61: Date:
A62: ExerciseCategory | C62: SetRepScheme | D62: 1RM | G62: %BM | H62: /side | U62: Reps/Sets | AD62: Reps/Sets | AM62: Reps/Sets | AV62: Reps/Sets | BH62: Micro 1 | BI62: Micro 2 | BJ62: Micro 3 | BK62: Micro 4 | BN62: Effort | BO62: Load | BP62: % | BT62: Micro 1 | BU62: Micro 2 | BV62: Micro 3 | BW62: Micro 4
A63: AccessoryLower | B63: RE | C63: 3x8 | D63: =IFERROR(INDEX([2]!Table1RM[#Data],MATCH($M$56,[2]!Table1RM[Athlete],0),MATCH($L63,[2]!Table1RM[#Headers],0)),"") | E63: =IF($B63="PE",INDEX([2]ExerciseInventory!$J$2:$L$276,MATCH($L63,[2]ExerciseInventory!$J$2:$J$287,0),2),"") | F63: =IF($B63="PE",INDEX([2]ExerciseInventory!$J$2:$L$276,MATCH($L63,[2]ExerciseInventory!$J$2:$J$287,0),3),"") | K63: 1A | L63: KB Goblet Squat to Box | S63: =CLEAN(IFERROR(INDEX(TableSetRepSchemes,MATCH(#REF!,ListSetRepSchemes,0),COLUMNS($R63:S63)),"")) | U63: tap box, do not sit. 15" box | AB63: =CLEAN(IFERROR(INDEX(TableSetRepSchemes,MATCH('1'!$C63,ListSetRepSchemes,0),COLUMNS($R63:AB63)),"")) | AD63: =IFERROR(INDEX(TableSetRepSchemes,MATCH('1'!$C63,ListSetRepSchemes,0),COLUMNS($R63:AD63)),"") -> 8 | AE63: =IFERROR(INDEX(TableSetRepSchemes,MATCH('1'!$C63,ListSetRepSchemes,0),COLUMNS($R63:AE63)),"") -> 8 | AF63: =IFERROR(INDEX(TableSetRepSchemes,MATCH('1'!$C63,ListSetRepSchemes,0),COLUMNS($R63:AF63)),"") -> 8 | AG63: =IFERROR(INDEX(TableSetRepSchemes,MATCH('1'!$C63,ListSetRepSchemes,0),COLUMNS($R63:AG63)),"") -> 0 | AH63: =IFERROR(INDEX(TableSetRepSchemes,MATCH('1'!$C63,ListSetRepSchemes,0),COLUMNS($R63:AH63)),"") -> 0 | AI63: =IFERROR(INDEX(TableSetRepSchemes,MATCH('1'!$C63,ListSetRepSchemes,0),COLUMNS($R63:AI63)),"") -> 0 | AK63: =CLEAN(IFERROR(INDEX(TableSetRepSchemes,MATCH('1'!$C63,ListSetRepSchemes,0),COLUMNS($R63:AK63)),"")) | AM63: =IFERROR(INDEX(TableSetRepSchemes,MATCH('1'!$C63,ListSetRepSchemes,0),COLUMNS($R63:AM63)),"") -> 8 | AN63: =IFERROR(INDEX(TableSetRepSchemes,MATCH('1'!$C63,ListSetRepSchemes,0),COLUMNS($R63:AN63)),"") -> 8 | AO63: =IFERROR(INDEX(TableSetRepSchemes,MATCH('1'!$C63,ListSetRepSchemes,0),COLUMNS($R63:AO63)),"") -> 8 | AP63: =IFERROR(INDEX(TableSetRepSchemes,MATCH('1'!$C63,ListSetRepSchemes,0),COLUMNS($R63:AP63)),"") -> 0 | AQ63: =IFERROR(INDEX(TableSetRepSchemes,MATCH('1'!$C63,ListSetRepSchemes,0),COLUMNS($R63:AQ63)),"") -> 0 | AR63: =IFERROR(INDEX(TableSetRepSchemes,MATCH('1'!$C63,ListSetRepSchemes,0),COLUMNS($R63:AR63)),"") -> 0 | AT63: =CLEAN(IFERROR(INDEX(TableSetRepSchemes,MATCH('1'!$C63,ListSetRepSchemes,0),COLUMNS($R63:AT63)),"")) | AV63: =IFERROR(INDEX(TableSetRepSchemes,MATCH('1'!$C63,ListSetRepSchemes,0),COLUMNS($R63:AV63)),"") -> 8 | AW63: =IFERROR(INDEX(TableSetRepSchemes,MATCH('1'!$C63,ListSetRepSchemes,0),COLUMNS($R63:AW63)),"") -> 8 | AX63: =IFERROR(INDEX(TableSetRepSchemes,MATCH('1'!$C63,ListSetRepSchemes,0),COLUMNS($R63:AX63)),"") -> 8 | AY63: =IFERROR(INDEX(TableSetRepSchemes,MATCH('1'!$C63,ListSetRepSchemes,0),COLUMNS($R63:AY63)),"") -> 0 | AZ63: =IFERROR(INDEX(TableSetRepSchemes,MATCH('1'!$C63,ListSetRepSchemes,0),COLUMNS($R63:AZ63)),"") -> 0 | BA63: =IFERROR(INDEX(TableSetRepSchemes,MATCH('1'!$C63,ListSetRepSchemes,0),COLUMNS($R63:BA63)),"") -> 0 | BG63: Reps | BH63: =IFERROR(SUM(SUBSTITUTE(U63,"/s",""),V63:Z63),0) -> 0 | BI63: =SUM(SUBSTITUTE(AD63,"/s",""),AE63:AI63) -> 24 | BJ63: =SUM(AM63:AR63) -> 24 | BK63: =SUM(AV63:BA63) -> 24 | BN63: PE | BO63: =IF($B$63="PE",(BL64),0)+IF($B$65="PE",(BL66),0)+IF($B$67="PE",(BL68),0)+IF($B$69="PE",(BL70),0)+IF($B$71="PE",(BL72),0)+IF($B$73="PE",(BL74),0)+IF($B$75="PE",(BL76),0)+IF($B$77="PE",(BL78),0) -> 0 | BP63: =(BO63/$BO$67)*100 -> #DIV/0! | BS63: Reps | BT63: =IF($B63="PE",BH63,"") | BU63: =IF($B63="PE",BI63,"") | BV63: =IF($B63="PE",BJ63,"") | BW63: =IF($B63="PE",BK63,"")
BG64: V-L | BH64: =IFERROR((SUBSTITUTE(U63,"/s","")*U64)+(V63*V64)+(W63*W64)+(X63*X64)+(Y63*Y64)+(Z63*Z64),0) -> 0 | BI64: =IFERROR((SUBSTITUTE(AD63,"/s","")*AD64)+(AE63*AE64)+(AF63*AF64)+(AG63*AG64)+(AH63*AH64)+(AI63*AI64),0) -> 0 | BJ64: =IFERROR((AM63*AM64)+(AN63*AN64)+(AO63*AO64)+(AP63*AP64)+(AQ63*AQ64)+(AR63*AR64),"") -> 0 | BK64: =IFERROR((AV63*AV64)+(AW63*AW64)+(AX63*AX64)+(AY63*AY64)+(AZ63*AZ64)+(BA63*BA64),"") -> 0 | BL64: =IFERROR(BH64+BI64+BJ64+BK64,NA()) -> 0 | BN64: DE | BO64: =IF(B63="DE",(BL64),0)+IF(B65="DE",(BL66),0)+IF(B67="DE",(BL68),0)+IF(B69="DE",(BL70),0)+IF(B71="DE",(BL72),0)+IF(B73="DE",(BL74),0)+IF(B75="DE",(BL76),0)+IF(B77="DE",(BL78),0) -> 0 | BP64: =(BO64/$BO$67)*100 -> #DIV/0! | BS64: V-L | BT64: =IF($B63="PE",(BH64*$E63*$F63),0) -> 0 | BU64: =IF($B63="PE",(BI64*$E63*$F63),0) -> 0 | BV64: =IF($B63="PE",(BJ64*$E63*$F63),0) -> 0 | BW64: =IF($B63="PE",(BK64*$E63*$F63),0) -> 0 | BX64: =IFERROR(BT64+BU64+BV64+BW64,NA()) -> 0
A65: MedBall | B65: DE | C65: 3x5+1 | D65: =IFERROR(INDEX([2]!Table1RM[#Data],MATCH($M$56,[2]!Table1RM[Athlete],0),MATCH($L65,[2]!Table1RM[#Headers],0)),"") | E65: =IF($B65="PE",INDEX([2]ExerciseInventory!$J$2:$L$276,MATCH($L65,[2]ExerciseInventory!$J$2:$J$287,0),2),"") | F65: =IF($B65="PE",INDEX([2]ExerciseInventory!$J$2:$L$276,MATCH($L65,[2]ExerciseInventory!$J$2:$J$287,0),3),"") | H65: s | K65: 1B | L65: Alt SL Hamstring Bridge on Bench | S65: =CLEAN(IFERROR(INDEX(TableSetRepSchemes,MATCH(#REF!,ListSetRepSchemes,0),COLUMNS($R65:S65)),"")) | U65: Heel.. ON .. The .. Bench | AB65: =CLEAN(IFERROR(INDEX(TableSetRepSchemes,MATCH('1'!$C65,ListSetRepSchemes,0),COLUMNS($R65:AB65)),"")) | AD65: =IFERROR(INDEX(TableSetRepSchemes,MATCH('1'!$C65,ListSetRepSchemes,0),COLUMNS($R65:AD65)),"") -> 6 | AE65: =IFERROR(INDEX(TableSetRepSchemes,MATCH('1'!$C65,ListSetRepSchemes,0),COLUMNS($R65:AE65)),"") -> 6 | AF65: =IFERROR(INDEX(TableSetRepSchemes,MATCH('1'!$C65,ListSetRepSchemes,0),COLUMNS($R65:AF65)),"") -> 6 | AG65: =IFERROR(INDEX(TableSetRepSchemes,MATCH('1'!$C65,ListSetRepSchemes,0),COLUMNS($R65:AG65)),"") -> 0 | AH65: =IFERROR(INDEX(TableSetRepSchemes,MATCH('1'!$C65,ListSetRepSchemes,0),COLUMNS($R65:AH65)),"") -> 0 | AI65: =IFERROR(INDEX(TableSetRepSchemes,MATCH('1'!$C65,ListSetRepSchemes,0),COLUMNS($R65:AI65)),"") -> 0 | AK65: =CLEAN(IFERROR(INDEX(TableSetRepSchemes,MATCH('1'!$C65,ListSetRepSchemes,0),COLUMNS($R65:AK65)),"")) | AM65: =IFERROR(INDEX(TableSetRepSchemes,MATCH('1'!$C65,ListSetRepSchemes,0),COLUMNS($R65:AM65)),"") -> 7 | AN65: =IFERROR(INDEX(TableSetRepSchemes,MATCH('1'!$C65,ListSetRepSchemes,0),COLUMNS($R65:AN65)),"") -> 7 | AO65: =IFERROR(INDEX(TableSetRepSchemes,MATCH('1'!$C65,ListSetRepSchemes,0),COLUMNS($R65:AO65)),"") -> 7 | AP65: =IFERROR(INDEX(TableSetRepSchemes,MATCH('1'!$C65,ListSetRepSchemes,0),COLUMNS($R65:AP65)),"") -> 0 | AQ65: =IFERROR(INDEX(TableSetRepSchemes,MATCH('1'!$C65,ListSetRepSchemes,0),COLUMNS($R65:AQ65)),"") -> 0 | AR65: =IFERROR(INDEX(TableSetRepSchemes,MATCH('1'!$C65,ListSetRepSchemes,0),COLUMNS($R65:AR65)),"") -> 0 | AT65: =CLEAN(IFERROR(INDEX(TableSetRepSchemes,MATCH('1'!$C65,ListSetRepSchemes,0),COLUMNS($R65:AT65)),"")) | AV65: =IFERROR(INDEX(TableSetRepSchemes,MATCH('1'!$C65,ListSetRepSchemes,0),COLUMNS($R65:AV65)),"") -> 8 | AW65: =IFERROR(INDEX(TableSetRepSchemes,MATCH('1'!$C65,ListSetRepSchemes,0),COLUMNS($R65:AW65)),"") -> 8 | AX65: =IFERROR(INDEX(TableSetRepSchemes,MATCH('1'!$C65,ListSetRepSchemes,0),COLUMNS($R65:AX65)),"") -> 8 | AY65: =IFERROR(INDEX(TableSetRepSchemes,MATCH('1'!$C65,ListSetRepSchemes,0),COLUMNS($R65:AY65)),"") -> 0 | AZ65: =IFERROR(INDEX(TableSetRepSchemes,MATCH('1'!$C65,ListSetRepSchemes,0),COLUMNS($R65:AZ65)),"") -> 0 | BA65: =IFERROR(INDEX(TableSetRepSchemes,MATCH('1'!$C65,ListSetRepSchemes,0),COLUMNS($R65:BA65)),"") -> 0 | BG65: Reps | BH65: =IFERROR(SUM(SUBSTITUTE(U65,"/s",""),V65:Z65),0) -> 0 | BI65: =SUM(SUBSTITUTE(AD65,"/s",""),AE65:AI65) -> 18 | BJ65: =SUM(AM65:AR65) -> 21 | BK65: =SUM(AV65:BA65) -> 24 | BN65: ME | BO65: =IF(B63="ME",(BL64),0)+IF(B65="ME",(BL66),0)+IF(B67="ME",(BL68),0)+IF(B69="ME",(BL70),0)+IF(B71="ME",(BL72),0)+IF(B73="ME",(BL74),0)+IF(B75="ME",(BL76),0)+IF(B77="ME",(BL78),0) -> 0 | BP65: =(BO65/$BO$67)*100 -> #DIV/0! | BS65: Reps | BT65: =IF($B65="PE",BH65,"") | BU65: =IF($B65="PE",BI65,"") | BV65: =IF($B65="PE",BJ65,"") | BW65: =IF($B65="PE",BK65,"") | BX65: =IFERROR(BT65+BU65+BV65+BW65,NA()) -> #N/A
Q66: :02 ISO | BG66: V-L | BH66: =IFERROR((SUBSTITUTE(U65,"/s","")*U66)+(V65*V66)+(W65*W66)+(X65*X66)+(Y65*Y66)+(Z65*Z66),0) -> 0 | BI66: =IFERROR((SUBSTITUTE(AD65,"/s","")*AD66)+(AE65*AE66)+(AF65*AF66)+(AG65*AG66)+(AH65*AH66)+(AI65*AI66),0) -> 0 | BJ66: =IFERROR((AM65*AM66)+(AN65*AN66)+(AO65*AO66)+(AP65*AP66)+(AQ65*AQ66)+(AR65*AR66),"") -> 0 | BK66: =IFERROR((AV65*AV66)+(AW65*AW66)+(AX65*AX66)+(AY65*AY66)+(AZ65*AZ66)+(BA65*BA66),"") -> 0 | BL66: =IFERROR(BH66+BI66+BJ66+BK66,NA()) -> 0 | BN66: RE | BO66: =IF(B63="RE",(BL64),0)+IF(B65="RE",(BL66),0)+IF(B67="RE",(BL68),0)+IF(B69="RE",(BL70),0)+IF(B71="RE",(BL72),0)+IF(B73="RE",(BL74),0)+IF(B75="RE",(BL76),0)+IF(B77="RE",(BL78),0) -> 0 | BP66: =(BO66/$BO$67)*100 -> #DIV/0! | BS66: V-L | BT66: =IF($B65="PE",(BH66*$E65*$F65),0) -> 0 | BU66: =IF($B65="PE",(BI66*$E65*$F65),0) -> 0 | BV66: =IF($B65="PE",(BJ66*$E65*$F65),0) -> 0 | BW66: =IF($B65="PE",(BK66*$E65*$F65),0) -> 0 | BX66: =IFERROR(BT66+BU66+BV66+BW66,NA()) -> 0
A67: PrimaryUpper | B67: ME | C67: 3x8 | D67: =IFERROR(INDEX([2]!Table1RM[#Data],MATCH($M$56,[2]!Table1RM[Athlete],0),MATCH($L67,[2]!Table1RM[#Headers],0)),"") | E67: =IF($B67="PE",INDEX([2]ExerciseInventory!$J$2:$L$276,MATCH($L67,[2]ExerciseInventory!$J$2:$J$287,0),2),"") | F67: =IF($B67="PE",INDEX([2]ExerciseInventory!$J$2:$L$276,MATCH($L67,[2]ExerciseInventory!$J$2:$J$287,0),3),"") | K67: 2A | L67: BB Hip Thrust | S67: =CLEAN(IFERROR(INDEX(TableSetRepSchemes,MATCH(#REF!,ListSetRepSchemes,0),COLUMNS($R67:S67)),"")) | U67: try to push the load on these if comfortable | AB67: =CLEAN(IFERROR(INDEX(TableSetRepSchemes,MATCH('1'!$C67,ListSetRepSchemes,0),COLUMNS($R67:AB67)),"")) | AD67: =IFERROR(INDEX(TableSetRepSchemes,MATCH('1'!$C67,ListSetRepSchemes,0),COLUMNS($R67:AD67)),"") -> 8 | AE67: =IFERROR(INDEX(TableSetRepSchemes,MATCH('1'!$C67,ListSetRepSchemes,0),COLUMNS($R67:AE67)),"") -> 8 | AF67: =IFERROR(INDEX(TableSetRepSchemes,MATCH('1'!$C67,ListSetRepSchemes,0),COLUMNS($R67:AF67)),"") -> 8 | AG67: =IFERROR(INDEX(TableSetRepSchemes,MATCH('1'!$C67,ListSetRepSchemes,0),COLUMNS($R67:AG67)),"") -> 0 | AH67: =IFERROR(INDEX(TableSetRepSchemes,MATCH('1'!$C67,ListSetRepSchemes,0),COLUMNS($R67:AH67)),"") -> 0 | AI67: =IFERROR(INDEX(TableSetRepSchemes,MATCH('1'!$C67,ListSetRepSchemes,0),COLUMNS($R67:AI67)),"") -> 0 | AK67: =CLEAN(IFERROR(INDEX(TableSetRepSchemes,MATCH('1'!$C67,ListSetRepSchemes,0),COLUMNS($R67:AK67)),"")) | AM67: =IFERROR(INDEX(TableSetRepSchemes,MATCH('1'!$C67,ListSetRepSchemes,0),COLUMNS($R67:AM67)),"") -> 8 | AN67: =IFERROR(INDEX(TableSetRepSchemes,MATCH('1'!$C67,ListSetRepSchemes,0),COLUMNS($R67:AN67)),"") -> 8 | AO67: =IFERROR(INDEX(TableSetRepSchemes,MATCH('1'!$C67,ListSetRepSchemes,0),COLUMNS($R67:AO67)),"") -> 8 | AP67: =IFERROR(INDEX(TableSetRepSchemes,MATCH('1'!$C67,ListSetRepSchemes,0),COLUMNS($R67:AP67)),"") -> 0 | AQ67: =IFERROR(INDEX(TableSetRepSchemes,MATCH('1'!$C67,ListSetRepSchemes,0),COLUMNS($R67:AQ67)),"") -> 0 | AR67: =IFERROR(INDEX(TableSetRepSchemes,MATCH('1'!$C67,ListSetRepSchemes,0),COLUMNS($R67:AR67)),"") -> 0 | AT67: =CLEAN(IFERROR(INDEX(TableSetRepSchemes,MATCH('1'!$C67,ListSetRepSchemes,0),COLUMNS($R67:AT67)),"")) | AV67: =IFERROR(INDEX(TableSetRepSchemes,MATCH('1'!$C67,ListSetRepSchemes,0),COLUMNS($R67:AV67)),"") -> 8 | AW67: =IFERROR(INDEX(TableSetRepSchemes,MATCH('1'!$C67,ListSetRepSchemes,0),COLUMNS($R67:AW67)),"") -> 8 | AX67: =IFERROR(INDEX(TableSetRepSchemes,MATCH('1'!$C67,ListSetRepSchemes,0),COLUMNS($R67:AX67)),"") -> 8 | AY67: =IFERROR(INDEX(TableSetRepSchemes,MATCH('1'!$C67,ListSetRepSchemes,0),COLUMNS($R67:AY67)),"") -> 0 | AZ67: =IFERROR(INDEX(TableSetRepSchemes,MATCH('1'!$C67,ListSetRepSchemes,0),COLUMNS($R67:AZ67)),"") -> 0 | BA67: =IFERROR(INDEX(TableSetRepSchemes,MATCH('1'!$C67,ListSetRepSchemes,0),COLUMNS($R67:BA67)),"") -> 0 | BG67: Reps | BH67: =IFERROR(SUM(SUBSTITUTE(U67,"/s",""),V67:Z67),0) -> 0 | BI67: =SUM(SUBSTITUTE(AD67,"/s",""),AE67:AI67) -> 24 | BJ67: =SUM(AM67:AR67) -> 24 | BK67: =SUM(AV67:BA67) -> 24 | BN67: Total | BO67: =SUM(BO63:BO66) -> 0 | BS67: Reps | BT67: =IF($B67="PE",BH67,"") | BU67: =IF($B67="PE",BI67,"") | BV67: =IF($B67="PE",BJ67,"") | BW67: =IF($B67="PE",BK67,"") | BX67: =IFERROR(BT67+BU67+BV67+BW67,NA()) -> #N/A
BG68: V-L | BH68: =IFERROR((SUBSTITUTE(U67,"/s","")*U68)+(V67*V68)+(W67*W68)+(X67*X68)+(Y67*Y68)+(Z67*Z68),0) -> 0 | BI68: =IFERROR((SUBSTITUTE(AD67,"/s","")*AD68)+(AE67*AE68)+(AF67*AF68)+(AG67*AG68)+(AH67*AH68)+(AI67*AI68),0) -> 0 | BJ68: =IFERROR((AM67*AM68)+(AN67*AN68)+(AO67*AO68)+(AP67*AP68)+(AQ67*AQ68)+(AR67*AR68),"") -> 0 | BK68: =IFERROR((AV67*AV68)+(AW67*AW68)+(AX67*AX68)+(AY67*AY68)+(AZ67*AZ68)+(BA67*BA68),"") -> 0 | BL68: =IFERROR(BH68+BI68+BJ68+BK68,NA()) -> 0 | BS68: V-L | BT68: =IF($B67="PE",(BH68*$E67*$F67),0) -> 0 | BU68: =IF($B67="PE",(BI68*$E67*$F67),0) -> 0 | BV68: =IF($B67="PE",(BJ68*$E67*$F67),0) -> 0 | BW68: =IF($B67="PE",(BK68*$E67*$F67),0) -> 0 | BX68: =IFERROR(BT68+BU68+BV68+BW68,NA()) -> 0
C69: 3x5+1 | D69: =IFERROR(INDEX([2]!Table1RM[#Data],MATCH($M$56,[2]!Table1RM[Athlete],0),MATCH($L69,[2]!Table1RM[#Headers],0)),"") | E69: =IF($B69="PE",INDEX([2]ExerciseInventory!$J$2:$L$276,MATCH($L69,[2]ExerciseInventory!$J$2:$J$287,0),2),"") | F69: =IF($B69="PE",INDEX([2]ExerciseInventory!$J$2:$L$276,MATCH($L69,[2]ExerciseInventory!$J$2:$J$287,0),3),"") | H69: s | K69: 2B | L69: SL RDL w/ KB | S69: =CLEAN(IFERROR(INDEX(TableSetRepSchemes,MATCH(#REF!,ListSetRepSchemes,0),COLUMNS($R69:S69)),"")) | U69: go light and focus on good posture | AB69: =CLEAN(IFERROR(INDEX(TableSetRepSchemes,MATCH('1'!$C69,ListSetRepSchemes,0),COLUMNS($R69:AB69)),"")) | AD69: =IFERROR(INDEX(TableSetRepSchemes,MATCH('1'!$C69,ListSetRepSchemes,0),COLUMNS($R69:AD69)),"") -> 6 | AE69: =IFERROR(INDEX(TableSetRepSchemes,MATCH('1'!$C69,ListSetRepSchemes,0),COLUMNS($R69:AE69)),"") -> 6 | AF69: =IFERROR(INDEX(TableSetRepSchemes,MATCH('1'!$C69,ListSetRepSchemes,0),COLUMNS($R69:AF69)),"") -> 6 | AG69: =IFERROR(INDEX(TableSetRepSchemes,MATCH('1'!$C69,ListSetRepSchemes,0),COLUMNS($R69:AG69)),"") -> 0 | AH69: =IFERROR(INDEX(TableSetRepSchemes,MATCH('1'!$C69,ListSetRepSchemes,0),COLUMNS($R69:AH69)),"") -> 0 | AI69: =IFERROR(INDEX(TableSetRepSchemes,MATCH('1'!$C69,ListSetRepSchemes,0),COLUMNS($R69:AI69)),"") -> 0 | AK69: =CLEAN(IFERROR(INDEX(TableSetRepSchemes,MATCH('1'!$C69,ListSetRepSchemes,0),COLUMNS($R69:AK69)),"")) | AM69: =IFERROR(INDEX(TableSetRepSchemes,MATCH('1'!$C69,ListSetRepSchemes,0),COLUMNS($R69:AM69)),"") -> 7 | AN69: =IFERROR(INDEX(TableSetRepSchemes,MATCH('1'!$C69,ListSetRepSchemes,0),COLUMNS($R69:AN69)),"") -> 7 | AO69: =IFERROR(INDEX(TableSetRepSchemes,MATCH('1'!$C69,ListSetRepSchemes,0),COLUMNS($R69:AO69)),"") -> 7 | AP69: =IFERROR(INDEX(TableSetRepSchemes,MATCH('1'!$C69,ListSetRepSchemes,0),COLUMNS($R69:AP69)),"") -> 0 | AQ69: =IFERROR(INDEX(TableSetRepSchemes,MATCH('1'!$C69,ListSetRepSchemes,0),COLUMNS($R69:AQ69)),"") -> 0 | AR69: =IFERROR(INDEX(TableSetRepSchemes,MATCH('1'!$C69,ListSetRepSchemes,0),COLUMNS($R69:AR69)),"") -> 0 | AT69: =CLEAN(IFERROR(INDEX(TableSetRepSchemes,MATCH('1'!$C69,ListSetRepSchemes,0),COLUMNS($R69:AT69)),"")) | AV69: =IFERROR(INDEX(TableSetRepSchemes,MATCH('1'!$C69,ListSetRepSchemes,0),COLUMNS($R69:AV69)),"") -> 8 | AW69: =IFERROR(INDEX(TableSetRepSchemes,MATCH('1'!$C69,ListSetRepSchemes,0),COLUMNS($R69:AW69)),"") -> 8 | AX69: =IFERROR(INDEX(TableSetRepSchemes,MATCH('1'!$C69,ListSetRepSchemes,0),COLUMNS($R69:AX69)),"") -> 8 | AY69: =IFERROR(INDEX(TableSetRepSchemes,MATCH('1'!$C69,ListSetRepSchemes,0),COLUMNS($R69:AY69)),"") -> 0 | AZ69: =IFERROR(INDEX(TableSetRepSchemes,MATCH('1'!$C69,ListSetRepSchemes,0),COLUMNS($R69:AZ69)),"") -> 0 | BA69: =IFERROR(INDEX(TableSetRepSchemes,MATCH('1'!$C69,ListSetRepSchemes,0),COLUMNS($R69:BA69)),"") -> 0 | BG69: Reps | BH69: =IFERROR(SUM(SUBSTITUTE(U69,"/s",""),V69:Z69),0) -> 0 | BI69: =SUM(SUBSTITUTE(AD69,"/s",""),AE69:AI69) -> 18 | BJ69: =SUM(AM69:AR69) -> 21 | BK69: =SUM(AV69:BA69) -> 24 | BS69: Reps | BT69: =IF($B69="PE",BH69,"") | BU69: =IF($B69="PE",BI69,"") | BV69: =IF($B69="PE",BJ69,"") | BW69: =IF($B69="PE",BK69,"") | BX69: =IFERROR(BT69+BU69+BV69+BW69,NA()) -> #N/A
BG70: V-L | BH70: =IFERROR((SUBSTITUTE(U69,"/s","")*U70)+(V69*V70)+(W69*W70)+(X69*X70)+(Y69*Y70)+(Z69*Z70),0) -> 0 | BI70: =IFERROR((SUBSTITUTE(AD69,"/s","")*AD70)+(AE69*AE70)+(AF69*AF70)+(AG69*AG70)+(AH69*AH70)+(AI69*AI70),0) -> 0 | BJ70: =IFERROR((AM69*AM70)+(AN69*AN70)+(AO69*AO70)+(AP69*AP70)+(AQ69*AQ70)+(AR69*AR70),"") -> 0 | BK70: =IFERROR((AV69*AV70)+(AW69*AW70)+(AX69*AX70)+(AY69*AY70)+(AZ69*AZ70)+(BA69*BA70),"") -> 0 | BL70: =IFERROR(BH70+BI70+BJ70+BK70,NA()) -> 0 | BS70: V-L | BT70: =IF($B69="PE",(BH70*$E69*$F69),0) -> 0 | BU70: =IF($B69="PE",(BI70*$E69*$F69),0) -> 0 | BV70: =IF($B69="PE",(BJ70*$E69*$F69),0) -> 0 | BW70: =IF($B69="PE",(BK70*$E69*$F69),0) -> 0 | BX70: =IFERROR(BT70+BU70+BV70+BW70,NA()) -> 0
A71: AccessoryUpper | B71: RE | C71: 3x7+1 | D71: =IFERROR(INDEX([2]!Table1RM[#Data],MATCH($M$56,[2]!Table1RM[Athlete],0),MATCH($L71,[2]!Table1RM[#Headers],0)),"") | E71: =IF($B71="PE",INDEX([2]ExerciseInventory!$J$2:$L$276,MATCH($L71,[2]ExerciseInventory!$J$2:$J$287,0),2),"") | F71: =IF($B71="PE",INDEX([2]ExerciseInventory!$J$2:$L$276,MATCH($L71,[2]ExerciseInventory!$J$2:$J$287,0),3),"") | K71: 3A | L71: DL Leg Extensions - 7 to 3 | S71: =CLEAN(IFERROR(INDEX(TableSetRepSchemes,MATCH(#REF!,ListSetRepSchemes,0),COLUMNS($R71:S71)),"")) | U71: trying to get to 50:50 | AB71: =CLEAN(IFERROR(INDEX(TableSetRepSchemes,MATCH('1'!$C71,ListSetRepSchemes,0),COLUMNS($R71:AB71)),"")) | AD71: =IFERROR(INDEX(TableSetRepSchemes,MATCH('1'!$C71,ListSetRepSchemes,0),COLUMNS($R71:AD71)),"") -> 8 | AE71: =IFERROR(INDEX(TableSetRepSchemes,MATCH('1'!$C71,ListSetRepSchemes,0),COLUMNS($R71:AE71)),"") -> 8 | AF71: =IFERROR(INDEX(TableSetRepSchemes,MATCH('1'!$C71,ListSetRepSchemes,0),COLUMNS($R71:AF71)),"") -> 8 | AG71: =IFERROR(INDEX(TableSetRepSchemes,MATCH('1'!$C71,ListSetRepSchemes,0),COLUMNS($R71:AG71)),"") -> 0 | AH71: =IFERROR(INDEX(TableSetRepSchemes,MATCH('1'!$C71,ListSetRepSchemes,0),COLUMNS($R71:AH71)),"") -> 0 | AI71: =IFERROR(INDEX(TableSetRepSchemes,MATCH('1'!$C71,ListSetRepSchemes,0),COLUMNS($R71:AI71)),"") -> 0 | AK71: =CLEAN(IFERROR(INDEX(TableSetRepSchemes,MATCH('1'!$C71,ListSetRepSchemes,0),COLUMNS($R71:AK71)),"")) | AM71: =IFERROR(INDEX(TableSetRepSchemes,MATCH('1'!$C71,ListSetRepSchemes,0),COLUMNS($R71:AM71)),"") -> 9 | AN71: =IFERROR(INDEX(TableSetRepSchemes,MATCH('1'!$C71,ListSetRepSchemes,0),COLUMNS($R71:AN71)),"") -> 9 | AO71: =IFERROR(INDEX(TableSetRepSchemes,MATCH('1'!$C71,ListSetRepSchemes,0),COLUMNS($R71:AO71)),"") -> 9 | AP71: =IFERROR(INDEX(TableSetRepSchemes,MATCH('1'!$C71,ListSetRepSchemes,0),COLUMNS($R71:AP71)),"") -> 0 | AQ71: =IFERROR(INDEX(TableSetRepSchemes,MATCH('1'!$C71,ListSetRepSchemes,0),COLUMNS($R71:AQ71)),"") -> 0 | AR71: =IFERROR(INDEX(TableSetRepSchemes,MATCH('1'!$C71,ListSetRepSchemes,0),COLUMNS($R71:AR71)),"") -> 0 | AT71: =CLEAN(IFERROR(INDEX(TableSetRepSchemes,MATCH('1'!$C71,ListSetRepSchemes,0),COLUMNS($R71:AT71)),"")) | AV71: =IFERROR(INDEX(TableSetRepSchemes,MATCH('1'!$C71,ListSetRepSchemes,0),COLUMNS($R71:AV71)),"") -> 10 | AW71: =IFERROR(INDEX(TableSetRepSchemes,MATCH('1'!$C71,ListSetRepSchemes,0),COLUMNS($R71:AW71)),"") -> 10 | AX71: =IFERROR(INDEX(TableSetRepSchemes,MATCH('1'!$C71,ListSetRepSchemes,0),COLUMNS($R71:AX71)),"") -> 10 | AY71: =IFERROR(INDEX(TableSetRepSchemes,MATCH('1'!$C71,ListSetRepSchemes,0),COLUMNS($R71:AY71)),"") -> 0 | AZ71: =IFERROR(INDEX(TableSetRepSchemes,MATCH('1'!$C71,ListSetRepSchemes,0),COLUMNS($R71:AZ71)),"") -> 0 | BA71: =IFERROR(INDEX(TableSetRepSchemes,MATCH('1'!$C71,ListSetRepSchemes,0),COLUMNS($R71:BA71)),"") -> 0 | BG71: Reps | BH71: =IFERROR(SUM(SUBSTITUTE(U71,"/s",""),V71:Z71),0) -> 0 | BI71: =SUM(SUBSTITUTE(AD71,"/s",""),AE71:AI71) -> 24 | BJ71: =SUM(AM71:AR71) -> 27 | BK71: =SUM(AV71:BA71) -> 30 | BS71: Reps | BT71: =IF($B71="PE",BH71,"") | BU71: =IF($B71="PE",BI71,"") | BV71: =IF($B71="PE",BJ71,"") | BW71: =IF($B71="PE",BK71,"") | BX71: =IFERROR(BT71+BU71+BV71+BW71,NA()) -> #N/A
BG72: V-L | BH72: =IFERROR((SUBSTITUTE(U71,"/s","")*U72)+(V71*V72)+(W71*W72)+(X71*X72)+(Y71*Y72)+(Z71*Z72),0) -> 0 | BI72: =IFERROR((SUBSTITUTE(AD71,"/s","")*AD72)+(AE71*AE72)+(AF71*AF72)+(AG71*AG72)+(AH71*AH72)+(AI71*AI72),0) -> 0 | BJ72: =IFERROR((AM71*AM72)+(AN71*AN72)+(AO71*AO72)+(AP71*AP72)+(AQ71*AQ72)+(AR71*AR72),"") -> 0 | BK72: =IFERROR((AV71*AV72)+(AW71*AW72)+(AX71*AX72)+(AY71*AY72)+(AZ71*AZ72)+(BA71*BA72),"") -> 0 | BL72: =IFERROR(BH72+BI72+BJ72+BK72,NA()) -> 0 | BS72: V-L | BT72: =IF($B71="PE",(BH72*$E71*$F71),0) -> 0 | BU72: =IF($B71="PE",(BI72*$E71*$F71),0) -> 0 | BV72: =IF($B71="PE",(BJ72*$E71*$F71),0) -> 0 | BW72: =IF($B71="PE",(BK72*$E71*$F71),0) -> 0 | BX72: =IFERROR(BT72+BU72+BV72+BW72,NA()) -> 0
A73: AccessoryUpper | B73: RE | C73: 3x8 | D73: =IFERROR(INDEX([2]!Table1RM[#Data],MATCH($M$56,[2]!Table1RM[Athlete],0),MATCH($L73,[2]!Table1RM[#Headers],0)),"") | E73: =IF($B73="PE",INDEX([2]ExerciseInventory!$J$2:$L$276,MATCH($L73,[2]ExerciseInventory!$J$2:$J$287,0),2),"") | F73: =IF($B73="PE",INDEX([2]ExerciseInventory!$J$2:$L$276,MATCH($L73,[2]ExerciseInventory!$J$2:$J$287,0),3),"") | H73: s | K73: 3B | L73: SL Leg Extension - L leg only | S73: =CLEAN(IFERROR(INDEX(TableSetRepSchemes,MATCH(#REF!,ListSetRepSchemes,0),COLUMNS($R73:S73)),"")) | U73: stay on the machine and try to go kind of heavy with L leg | AB73: =CLEAN(IFERROR(INDEX(TableSetRepSchemes,MATCH('1'!$C73,ListSetRepSchemes,0),COLUMNS($R73:AB73)),"")) | AD73: =IFERROR(INDEX(TableSetRepSchemes,MATCH('1'!$C73,ListSetRepSchemes,0),COLUMNS($R73:AD73)),"") -> 8 | AE73: =IFERROR(INDEX(TableSetRepSchemes,MATCH('1'!$C73,ListSetRepSchemes,0),COLUMNS($R73:AE73)),"") -> 8 | AF73: =IFERROR(INDEX(TableSetRepSchemes,MATCH('1'!$C73,ListSetRepSchemes,0),COLUMNS($R73:AF73)),"") -> 8 | AG73: =IFERROR(INDEX(TableSetRepSchemes,MATCH('1'!$C73,ListSetRepSchemes,0),COLUMNS($R73:AG73)),"") -> 0 | AH73: =IFERROR(INDEX(TableSetRepSchemes,MATCH('1'!$C73,ListSetRepSchemes,0),COLUMNS($R73:AH73)),"") -> 0 | AI73: =IFERROR(INDEX(TableSetRepSchemes,MATCH('1'!$C73,ListSetRepSchemes,0),COLUMNS($R73:AI73)),"") -> 0 | AK73: =CLEAN(IFERROR(INDEX(TableSetRepSchemes,MATCH('1'!$C73,ListSetRepSchemes,0),COLUMNS($R73:AK73)),"")) | AM73: =IFERROR(INDEX(TableSetRepSchemes,MATCH('1'!$C73,ListSetRepSchemes,0),COLUMNS($R73:AM73)),"") -> 8 | AN73: =IFERROR(INDEX(TableSetRepSchemes,MATCH('1'!$C73,ListSetRepSchemes,0),COLUMNS($R73:AN73)),"") -> 8 | AO73: =IFERROR(INDEX(TableSetRepSchemes,MATCH('1'!$C73,ListSetRepSchemes,0),COLUMNS($R73:AO73)),"") -> 8 | AP73: =IFERROR(INDEX(TableSetRepSchemes,MATCH('1'!$C73,ListSetRepSchemes,0),COLUMNS($R73:AP73)),"") -> 0 | AQ73: =IFERROR(INDEX(TableSetRepSchemes,MATCH('1'!$C73,ListSetRepSchemes,0),COLUMNS($R73:AQ73)),"") -> 0 | AR73: =IFERROR(INDEX(TableSetRepSchemes,MATCH('1'!$C73,ListSetRepSchemes,0),COLUMNS($R73:AR73)),"") -> 0 | AT73: =CLEAN(IFERROR(INDEX(TableSetRepSchemes,MATCH('1'!$C73,ListSetRepSchemes,0),COLUMNS($R73:AT73)),"")) | AV73: =IFERROR(INDEX(TableSetRepSchemes,MATCH('1'!$C73,ListSetRepSchemes,0),COLUMNS($R73:AV73)),"") -> 8 | AW73: =IFERROR(INDEX(TableSetRepSchemes,MATCH('1'!$C73,ListSetRepSchemes,0),COLUMNS($R73:AW73)),"") -> 8 | AX73: =IFERROR(INDEX(TableSetRepSchemes,MATCH('1'!$C73,ListSetRepSchemes,0),COLUMNS($R73:AX73)),"") -> 8 | AY73: =IFERROR(INDEX(TableSetRepSchemes,MATCH('1'!$C73,ListSetRepSchemes,0),COLUMNS($R73:AY73)),"") -> 0 | AZ73: =IFERROR(INDEX(TableSetRepSchemes,MATCH('1'!$C73,ListSetRepSchemes,0),COLUMNS($R73:AZ73)),"") -> 0 | BA73: =IFERROR(INDEX(TableSetRepSchemes,MATCH('1'!$C73,ListSetRepSchemes,0),COLUMNS($R73:BA73)),"") -> 0 | BG73: Reps | BH73: =IFERROR(SUM(SUBSTITUTE(U73,"/s",""),V73:Z73),0) -> 0 | BI73: =SUM(SUBSTITUTE(AD73,"/s",""),AE73:AI73) -> 24 | BJ73: =SUM(AM73:AR73) -> 24 | BK73: =SUM(AV73:BA73) -> 24 | BS73: Reps | BT73: =IF($B73="PE",BH73,"") | BU73: =IF($B73="PE",BI73,"") | BV73: =IF($B73="PE",BJ73,"") | BW73: =IF($B73="PE",BK73,"") | BX73: =IFERROR(BT73+BU73+BV73+BW73,NA()) -> #N/A
BG74: V-L | BH74: =IFERROR((SUBSTITUTE(U73,"/s","")*U74)+(V73*V74)+(W73*W74)+(X73*X74)+(Y73*Y74)+(Z73*Z74),0) -> 0 | BI74: =IFERROR((SUBSTITUTE(AD73,"/s","")*AD74)+(AE73*AE74)+(AF73*AF74)+(AG73*AG74)+(AH73*AH74)+(AI73*AI74),0) -> 0 | BJ74: =IFERROR((AM73*AM74)+(AN73*AN74)+(AO73*AO74)+(AP73*AP74)+(AQ73*AQ74)+(AR73*AR74),"") -> 0 | BK74: =IFERROR((AV73*AV74)+(AW73*AW74)+(AX73*AX74)+(AY73*AY74)+(AZ73*AZ74)+(BA73*BA74),"") -> 0 | BL74: =IFERROR(BH74+BI74+BJ74+BK74,NA()) -> 0 | BS74: V-L | BT74: =IF($B73="PE",(BH74*$E73*$F73),0) -> 0 | BU74: =IF($B73="PE",(BI74*$E73*$F73),0) -> 0 | BV74: =IF($B73="PE",(BJ74*$E73*$F73),0) -> 0 | BW74: =IF($B73="PE",(BK74*$E73*$F73),0) -> 0 | BX74: =IFERROR(BT74+BU74+BV74+BW74,NA()) -> 0
A75: AccessoryLower | B75: ME | C75: 3x12 | D75: =IFERROR(INDEX([2]!Table1RM[#Data],MATCH($M$56,[2]!Table1RM[Athlete],0),MATCH($L75,[2]!Table1RM[#Headers],0)),"") | E75: =IF($B75="PE",INDEX([2]ExerciseInventory!$J$2:$L$276,MATCH($L75,[2]ExerciseInventory!$J$2:$J$287,0),2),"") | F75: =IF($B75="PE",INDEX([2]ExerciseInventory!$J$2:$L$276,MATCH($L75,[2]ExerciseInventory!$J$2:$J$287,0),3),"") | K75: 3C | L75: Seated DL Calf Raise | S75: =CLEAN(IFERROR(INDEX(TableSetRepSchemes,MATCH(#REF!,ListSetRepSchemes,0),COLUMNS($R75:S75)),"")) | U75: using hamstring machine | AB75: =CLEAN(IFERROR(INDEX(TableSetRepSchemes,MATCH('1'!$C75,ListSetRepSchemes,0),COLUMNS($R75:AB75)),"")) | AD75: =IFERROR(INDEX(TableSetRepSchemes,MATCH('1'!$C75,ListSetRepSchemes,0),COLUMNS($R75:AD75)),"") -> 12 | AE75: =IFERROR(INDEX(TableSetRepSchemes,MATCH('1'!$C75,ListSetRepSchemes,0),COLUMNS($R75:AE75)),"") -> 12 | AF75: =IFERROR(INDEX(TableSetRepSchemes,MATCH('1'!$C75,ListSetRepSchemes,0),COLUMNS($R75:AF75)),"") -> 12 | AG75: =IFERROR(INDEX(TableSetRepSchemes,MATCH('1'!$C75,ListSetRepSchemes,0),COLUMNS($R75:AG75)),"") -> 0 | AH75: =IFERROR(INDEX(TableSetRepSchemes,MATCH('1'!$C75,ListSetRepSchemes,0),COLUMNS($R75:AH75)),"") -> 0 | AI75: =IFERROR(INDEX(TableSetRepSchemes,MATCH('1'!$C75,ListSetRepSchemes,0),COLUMNS($R75:AI75)),"") -> 0 | AK75: =CLEAN(IFERROR(INDEX(TableSetRepSchemes,MATCH('1'!$C75,ListSetRepSchemes,0),COLUMNS($R75:AK75)),"")) | AM75: =IFERROR(INDEX(TableSetRepSchemes,MATCH('1'!$C75,ListSetRepSchemes,0),COLUMNS($R75:AM75)),"") -> 12 | AN75: =IFERROR(INDEX(TableSetRepSchemes,MATCH('1'!$C75,ListSetRepSchemes,0),COLUMNS($R75:AN75)),"") -> 12 | AO75: =IFERROR(INDEX(TableSetRepSchemes,MATCH('1'!$C75,ListSetRepSchemes,0),COLUMNS($R75:AO75)),"") -> 12 | AP75: =IFERROR(INDEX(TableSetRepSchemes,MATCH('1'!$C75,ListSetRepSchemes,0),COLUMNS($R75:AP75)),"") -> 0 | AQ75: =IFERROR(INDEX(TableSetRepSchemes,MATCH('1'!$C75,ListSetRepSchemes,0),COLUMNS($R75:AQ75)),"") -> 0 | AR75: =IFERROR(INDEX(TableSetRepSchemes,MATCH('1'!$C75,ListSetRepSchemes,0),COLUMNS($R75:AR75)),"") -> 0 | AT75: =CLEAN(IFERROR(INDEX(TableSetRepSchemes,MATCH('1'!$C75,ListSetRepSchemes,0),COLUMNS($R75:AT75)),"")) | AV75: =IFERROR(INDEX(TableSetRepSchemes,MATCH('1'!$C75,ListSetRepSchemes,0),COLUMNS($R75:AV75)),"") -> 12 | AW75: =IFERROR(INDEX(TableSetRepSchemes,MATCH('1'!$C75,ListSetRepSchemes,0),COLUMNS($R75:AW75)),"") -> 12 | AX75: =IFERROR(INDEX(TableSetRepSchemes,MATCH('1'!$C75,ListSetRepSchemes,0),COLUMNS($R75:AX75)),"") -> 12 | AY75: =IFERROR(INDEX(TableSetRepSchemes,MATCH('1'!$C75,ListSetRepSchemes,0),COLUMNS($R75:AY75)),"") -> 0 | AZ75: =IFERROR(INDEX(TableSetRepSchemes,MATCH('1'!$C75,ListSetRepSchemes,0),COLUMNS($R75:AZ75)),"") -> 0 | BA75: =IFERROR(INDEX(TableSetRepSchemes,MATCH('1'!$C75,ListSetRepSchemes,0),COLUMNS($R75:BA75)),"") -> 0 | BG75: Reps | BH75: =IFERROR(SUM(SUBSTITUTE(U75,"/s",""),V75:Z75),0) -> 0 | BI75: =SUM(SUBSTITUTE(AD75,"/s",""),AE75:AI75) -> 36 | BJ75: =SUM(AM75:AR75) -> 36 | BK75: =SUM(AV75:BA75) -> 36 | BS75: Reps | BT75: =IF($B75="PE",BH75,"") | BU75: =IF($B75="PE",BI75,"") | BV75: =IF($B75="PE",BJ75,"") | BW75: =IF($B75="PE",BK75,"") | BX75: =IFERROR(BT75+BU75+BV75+BW75,NA()) -> #N/A
Q76: :03 ECC | BG76: V-L | BH76: =IFERROR((SUBSTITUTE(U75,"/s","")*U76)+(V75*V76)+(W75*W76)+(X75*X76)+(Y75*Y76)+(Z75*Z76),0) -> 0 | BI76: =IFERROR((SUBSTITUTE(AD75,"/s","")*AD76)+(AE75*AE76)+(AF75*AF76)+(AG75*AG76)+(AH75*AH76)+(AI75*AI76),0) -> 0 | BJ76: =IFERROR((AM75*AM76)+(AN75*AN76)+(AO75*AO76)+(AP75*AP76)+(AQ75*AQ76)+(AR75*AR76),"") -> 0 | BK76: =IFERROR((AV75*AV76)+(AW75*AW76)+(AX75*AX76)+(AY75*AY76)+(AZ75*AZ76)+(BA75*BA76),"") -> 0 | BL76: =IFERROR(BH76+BI76+BJ76+BK76,NA()) -> 0 | BS76: V-L | BT76: =IF($B75="PE",(BH76*$E75*$F75),0) -> 0 | BU76: =IF($B75="PE",(BI76*$E75*$F75),0) -> 0 | BV76: =IF($B75="PE",(BJ76*$E75*$F75),0) -> 0 | BW76: =IF($B75="PE",(BK76*$E75*$F75),0) -> 0 | BX76: =IFERROR(BT76+BU76+BV76+BW76,NA()) -> 0
C77: Empty | D77: =IFERROR(INDEX([2]!Table1RM[#Data],MATCH($M$56,[2]!Table1RM[Athlete],0),MATCH($L77,[2]!Table1RM[#Headers],0)),"") | E77: =IF($B77="PE",INDEX([2]ExerciseInventory!$J$2:$L$276,MATCH($L77,[2]ExerciseInventory!$J$2:$J$287,0),2),"") | F77: =IF($B77="PE",INDEX([2]ExerciseInventory!$J$2:$L$276,MATCH($L77,[2]ExerciseInventory!$J$2:$J$287,0),3),"") | S77: =CLEAN(IFERROR(INDEX(TableSetRepSchemes,MATCH(#REF!,ListSetRepSchemes,0),COLUMNS($R77:S77)),"")) | AB77: =CLEAN(IFERROR(INDEX(TableSetRepSchemes,MATCH('1'!$C77,ListSetRepSchemes,0),COLUMNS($R77:AB77)),"")) | AD77: =IFERROR(INDEX(TableSetRepSchemes,MATCH('1'!$C77,ListSetRepSchemes,0),COLUMNS($R77:AD77)),"") -> 0 | AE77: =IFERROR(INDEX(TableSetRepSchemes,MATCH('1'!$C77,ListSetRepSchemes,0),COLUMNS($R77:AE77)),"") -> 0 | AF77: =IFERROR(INDEX(TableSetRepSchemes,MATCH('1'!$C77,ListSetRepSchemes,0),COLUMNS($R77:AF77)),"") -> 0 | AG77: =IFERROR(INDEX(TableSetRepSchemes,MATCH('1'!$C77,ListSetRepSchemes,0),COLUMNS($R77:AG77)),"") -> 0 | AH77: =IFERROR(INDEX(TableSetRepSchemes,MATCH('1'!$C77,ListSetRepSchemes,0),COLUMNS($R77:AH77)),"") -> 0 | AI77: =IFERROR(INDEX(TableSetRepSchemes,MATCH('1'!$C77,ListSetRepSchemes,0),COLUMNS($R77:AI77)),"") -> 0 | AK77: =CLEAN(IFERROR(INDEX(TableSetRepSchemes,MATCH('1'!$C77,ListSetRepSchemes,0),COLUMNS($R77:AK77)),"")) | AM77: =IFERROR(INDEX(TableSetRepSchemes,MATCH('1'!$C77,ListSetRepSchemes,0),COLUMNS($R77:AM77)),"") -> 0 | AN77: =IFERROR(INDEX(TableSetRepSchemes,MATCH('1'!$C77,ListSetRepSchemes,0),COLUMNS($R77:AN77)),"") -> 0 | AO77: =IFERROR(INDEX(TableSetRepSchemes,MATCH('1'!$C77,ListSetRepSchemes,0),COLUMNS($R77:AO77)),"") -> 0 | AP77: =IFERROR(INDEX(TableSetRepSchemes,MATCH('1'!$C77,ListSetRepSchemes,0),COLUMNS($R77:AP77)),"") -> 0 | AQ77: =IFERROR(INDEX(TableSetRepSchemes,MATCH('1'!$C77,ListSetRepSchemes,0),COLUMNS($R77:AQ77)),"") -> 0 | AR77: =IFERROR(INDEX(TableSetRepSchemes,MATCH('1'!$C77,ListSetRepSchemes,0),COLUMNS($R77:AR77)),"") -> 0 | AT77: =CLEAN(IFERROR(INDEX(TableSetRepSchemes,MATCH('1'!$C77,ListSetRepSchemes,0),COLUMNS($R77:AT77)),"")) | AV77: =IFERROR(INDEX(TableSetRepSchemes,MATCH('1'!$C77,ListSetRepSchemes,0),COLUMNS($R77:AV77)),"") -> 0 | AW77: =IFERROR(INDEX(TableSetRepSchemes,MATCH('1'!$C77,ListSetRepSchemes,0),COLUMNS($R77:AW77)),"") -> 0 | AX77: =IFERROR(INDEX(TableSetRepSchemes,MATCH('1'!$C77,ListSetRepSchemes,0),COLUMNS($R77:AX77)),"") -> 0 | AY77: =IFERROR(INDEX(TableSetRepSchemes,MATCH('1'!$C77,ListSetRepSchemes,0),COLUMNS($R77:AY77)),"") -> 0 | AZ77: =IFERROR(INDEX(TableSetRepSchemes,MATCH('1'!$C77,ListSetRepSchemes,0),COLUMNS($R77:AZ77)),"") -> 0 | BA77: =IFERROR(INDEX(TableSetRepSchemes,MATCH('1'!$C77,ListSetRepSchemes,0),COLUMNS($R77:BA77)),"") -> 0 | BG77: Reps | BH77: =IFERROR(SUM(SUBSTITUTE(U77,"/s",""),V77:Z77),0) -> 0 | BI77: =SUM(SUBSTITUTE(AD77,"/s",""),AE77:AI77) -> 0 | BJ77: =SUM(AM77:AR77) -> 0 | BK77: =SUM(AV77:BA77) -> 0 | BS77: Reps | BT77: =IF($B77="PE",BH77,"") | BU77: =IF($B77="PE",BI77,"") | BV77: =IF($B77="PE",BJ77,"") | BW77: =IF($B77="PE",BK77,"") | BX77: =IFERROR(BT77+BU77+BV77+BW77,NA()) -> #N/A
BG78: V-L | BH78: =IFERROR((SUBSTITUTE(U77,"/s","")*U78)+(V77*V78)+(W77*W78)+(X77*X78)+(Y77*Y78)+(Z77*Z78),0) -> 0 | BI78: =IFERROR((SUBSTITUTE(AD77,"/s","")*AD78)+(AE77*AE78)+(AF77*AF78)+(AG77*AG78)+(AH77*AH78)+(AI77*AI78),0) -> 0 | BJ78: =IFERROR((AM77*AM78)+(AN77*AN78)+(AO77*AO78)+(AP77*AP78)+(AQ77*AQ78)+(AR77*AR78),"") -> 0 | BK78: =IFERROR((AV77*AV78)+(AW77*AW78)+(AX77*AX78)+(AY77*AY78)+(AZ77*AZ78)+(BA77*BA78),"") -> 0 | BL78: =IFERROR(BH78+BI78+BJ78+BK78,NA()) -> 0 | BS78: V-L | BT78: =IF($B77="PE",(BH78*$E77*$F77),0) -> 0 | BU78: =IF($B77="PE",(BI78*$E77*$F77),0) -> 0 | BV78: =IF($B77="PE",(BJ78*$E77*$F77),0) -> 0 | BW78: =IF($B77="PE",(BK78*$E77*$F77),0) -> 0 | BX78: =IFERROR(BT78+BU78+BV78+BW78,NA()) -> 0
BH79: =BH64+BH66+BH68+BH70+BH72+BH74+BH76+BH78 -> 0 | BI79: =BI64+BI66+BI68+BI70+BI72+BI74+BI76+BI78 -> 0 | BJ79: =BJ64+BJ66+BJ68+BJ70+BJ72+BJ74+BJ76+BJ78 -> 0 | BK79: =BK64+BK66+BK68+BK70+BK72+BK74+BK76+BK78 -> 0 | BT79: =BT64+BT66+BT68+BT70+BT72+BT74+BT76+BT78 -> 0 | BU79: =BU64+BU66+BU68+BU70+BU72+BU74+BU76+BU78 -> 0 | BV79: =BV64+BV66+BV68+BV70+BV72+BV74+BV76+BV78 -> 0 | BW79: =BW64+BW66+BW68+BW70+BW72+BW74+BW76+BW78 -> 0 | BX79: =BX64+BX66+BX68+BX70+BX72+BX74+BX76+BX78 -> 0
E81: Plyo Load | F81: Plyo Reps | K81: Lift 2 | U81: Date: | AD81: Date: | AM81: Date: | AV81: Date: | BT81: =SUM(BT63,BT65,BT67,BT69,BT71,BT73,BT75,BT77) -> 0 | BU81: =SUM(BU63,BU65,BU67,BU69,BU71,BU73,BU75,BU77) -> 0 | BV81: =SUM(BV63,BV65,BV67,BV69,BV71,BV73,BV75,BV77) -> 0 | BW81: =SUM(BW63,BW65,BW67,BW69,BW71,BW73,BW75,BW77) -> 0
A82: ExerciseCategory | C82: SetRepScheme | D82: 1RM | G82: %BM | H82: /side | U82: Reps/Sets | AD82: Reps/Sets | AM82: Reps/Sets | AV82: Reps/Sets | BH82: Micro 1 | BI82: Micro 2 | BJ82: Micro 3 | BK82: Micro 4 | BN82: Effort | BO82: Load | BP82: % | BT82: Micro 1 | BU82: Micro 2 | BV82: Micro 3 | BW82: Micro 4
A83: AccessoryLower | B83: RE | C83: 3x8 | D83: =IFERROR(INDEX([2]!Table1RM[#Data],MATCH($M$56,[2]!Table1RM[Athlete],0),MATCH($L83,[2]!Table1RM[#Headers],0)),"") | E83: =IF($B83="PE",INDEX([2]ExerciseInventory!$J$2:$L$276,MATCH($L83,[2]ExerciseInventory!$J$2:$J$287,0),2),"") | F83: =IF($B83="PE",INDEX([2]ExerciseInventory!$J$2:$L$276,MATCH($L83,[2]ExerciseInventory!$J$2:$J$287,0),3),"") | K83: 1A | L83: Trap Bar Deadlift | S83: =CLEAN(IFERROR(INDEX(TableSetRepSchemes,MATCH(#REF!,ListSetRepSchemes,0),COLUMNS($R83:S83)),"")) | U83: handles up, no blocks | AB83: =CLEAN(IFERROR(INDEX(TableSetRepSchemes,MATCH('1'!$C83,ListSetRepSchemes,0),COLUMNS($R83:AB83)),"")) | AD83: =IFERROR(INDEX(TableSetRepSchemes,MATCH('1'!$C83,ListSetRepSchemes,0),COLUMNS($R83:AD83)),"") -> 8 | AE83: =IFERROR(INDEX(TableSetRepSchemes,MATCH('1'!$C83,ListSetRepSchemes,0),COLUMNS($R83:AE83)),"") -> 8 | AF83: =IFERROR(INDEX(TableSetRepSchemes,MATCH('1'!$C83,ListSetRepSchemes,0),COLUMNS($R83:AF83)),"") -> 8 | AG83: =IFERROR(INDEX(TableSetRepSchemes,MATCH('1'!$C83,ListSetRepSchemes,0),COLUMNS($R83:AG83)),"") -> 0 | AH83: =IFERROR(INDEX(TableSetRepSchemes,MATCH('1'!$C83,ListSetRepSchemes,0),COLUMNS($R83:AH83)),"") -> 0 | AI83: =IFERROR(INDEX(TableSetRepSchemes,MATCH('1'!$C83,ListSetRepSchemes,0),COLUMNS($R83:AI83)),"") -> 0 | AK83: =CLEAN(IFERROR(INDEX(TableSetRepSchemes,MATCH('1'!$C83,ListSetRepSchemes,0),COLUMNS($R83:AK83)),"")) | AM83: =IFERROR(INDEX(TableSetRepSchemes,MATCH('1'!$C83,ListSetRepSchemes,0),COLUMNS($R83:AM83)),"") -> 8 | AN83: =IFERROR(INDEX(TableSetRepSchemes,MATCH('1'!$C83,ListSetRepSchemes,0),COLUMNS($R83:AN83)),"") -> 8 | AO83: =IFERROR(INDEX(TableSetRepSchemes,MATCH('1'!$C83,ListSetRepSchemes,0),COLUMNS($R83:AO83)),"") -> 8 | AP83: =IFERROR(INDEX(TableSetRepSchemes,MATCH('1'!$C83,ListSetRepSchemes,0),COLUMNS($R83:AP83)),"") -> 0 | AQ83: =IFERROR(INDEX(TableSetRepSchemes,MATCH('1'!$C83,ListSetRepSchemes,0),COLUMNS($R83:AQ83)),"") -> 0 | AR83: =IFERROR(INDEX(TableSetRepSchemes,MATCH('1'!$C83,ListSetRepSchemes,0),COLUMNS($R83:AR83)),"") -> 0 | AT83: =CLEAN(IFERROR(INDEX(TableSetRepSchemes,MATCH('1'!$C83,ListSetRepSchemes,0),COLUMNS($R83:AT83)),"")) | AV83: =IFERROR(INDEX(TableSetRepSchemes,MATCH('1'!$C83,ListSetRepSchemes,0),COLUMNS($R83:AV83)),"") -> 8 | AW83: =IFERROR(INDEX(TableSetRepSchemes,MATCH('1'!$C83,ListSetRepSchemes,0),COLUMNS($R83:AW83)),"") -> 8 | AX83: =IFERROR(INDEX(TableSetRepSchemes,MATCH('1'!$C83,ListSetRepSchemes,0),COLUMNS($R83:AX83)),"") -> 8 | AY83: =IFERROR(INDEX(TableSetRepSchemes,MATCH('1'!$C83,ListSetRepSchemes,0),COLUMNS($R83:AY83)),"") -> 0 | AZ83: =IFERROR(INDEX(TableSetRepSchemes,MATCH('1'!$C83,ListSetRepSchemes,0),COLUMNS($R83:AZ83)),"") -> 0 | BA83: =IFERROR(INDEX(TableSetRepSchemes,MATCH('1'!$C83,ListSetRepSchemes,0),COLUMNS($R83:BA83)),"") -> 0 | BG83: Reps | BH83: =IFERROR(SUM(SUBSTITUTE(U83,"/s",""),V83:Z83),0) -> 0 | BI83: =SUM(SUBSTITUTE(AD83,"/s",""),AE83:AI83) -> 24 | BJ83: =SUM(AM83:AR83) -> 24 | BK83: =SUM(AV83:BA83) -> 24 | BN83: PE | BO83: =IF(B83="PE",(BL84),0)+IF(B85="PE",(BL86),0)+IF(B87="PE",(BL88),0)+IF(B89="PE",(BL90),0)+IF(B91="PE",(BL92),0)+IF(B93="PE",(BL94),0)+IF(B95="PE",(BL96),0)+IF(B97="PE",(BL98),0) -> #N/A | BP83: =(BO83/$BO$87)*100 -> #N/A | BS83: Reps | BT83: =IF($B83="PE",BH83,"") | BU83: =IF($B83="PE",BI83,"") | BV83: =IF($B83="PE",BJ83,"") | BW83: =IF($B83="PE",BK83,"")
BG84: V-L | BH84: =IFERROR((SUBSTITUTE(U83,"/s","")*U84)+(V83*V84)+(W83*W84)+(X83*X84)+(Y83*Y84)+(Z83*Z84),0) -> 0 | BI84: =IFERROR((SUBSTITUTE(AD83,"/s","")*AD84)+(AE83*AE84)+(AF83*AF84)+(AG83*AG84)+(AH83*AH84)+(AI83*AI84),0) -> 0 | BJ84: =IFERROR((AM83*AM84)+(AN83*AN84)+(AO83*AO84)+(AP83*AP84)+(AQ83*AQ84)+(AR83*AR84),"") -> 0 | BK84: =IFERROR((AV83*AV84)+(AW83*AW84)+(AX83*AX84)+(AY83*AY84)+(AZ83*AZ84)+(BA83*BA84),"") -> 0 | BL84: =IFERROR(BH84+BI84+BJ84+BK84,NA()) -> 0 | BN84: DE | BO84: =IF(B83="DE",(BL84),0)+IF(B85="DE",(BL86),0)+IF(B87="DE",(BL88),0)+IF(B89="DE",(BL90),0)+IF(B91="DE",(BL92),0)+IF(B93="DE",(BL94),0)+IF(B95="DE",(BL96),0)+IF(B97="DE",(BL98),0) -> 0 | BP84: =(BO84/$BO$87)*100 -> #N/A | BS84: V-L | BT84: =IF($B83="PE",(BH84*$E83*$F83),0) -> 0 | BU84: =IF($B83="PE",(BI84*$E83*$F83),0) -> 0 | BV84: =IF($B83="PE",(BJ84*$E83*$F83),0) -> 0 | BW84: =IF($B83="PE",(BK84*$E83*$F83),0) -> 0 | BX84: =IFERROR(BT84+BU84+BV84+BW84,NA()) -> 0
A85: Jump | B85: PE | C85: 3x:15+5 | D85: =IFERROR(INDEX([2]!Table1RM[#Data],MATCH($M$56,[2]!Table1RM[Athlete],0),MATCH($L85,[2]!Table1RM[#Headers],0)),"") | E85: =IF($B85="PE",INDEX([2]ExerciseInventory!$J$2:$L$276,MATCH($L85,[2]ExerciseInventory!$J$2:$J$287,0),2),"") -> #N/A | F85: =IF($B85="PE",INDEX([2]ExerciseInventory!$J$2:$L$276,MATCH($L85,[2]ExerciseInventory!$J$2:$J$287,0),3),"") -> #N/A | K85: 1B | L85: Side Plank? | S85: =CLEAN(IFERROR(INDEX(TableSetRepSchemes,MATCH(#REF!,ListSetRepSchemes,0),COLUMNS($R85:S85)),"")) | AB85: =CLEAN(IFERROR(INDEX(TableSetRepSchemes,MATCH('1'!$C85,ListSetRepSchemes,0),COLUMNS($R85:AB85)),"")) | AD85: =IFERROR(INDEX(TableSetRepSchemes,MATCH('1'!$C85,ListSetRepSchemes,0),COLUMNS($R85:AD85)),"") -> :20 | AE85: =IFERROR(INDEX(TableSetRepSchemes,MATCH('1'!$C85,ListSetRepSchemes,0),COLUMNS($R85:AE85)),"") -> :20 | AF85: =IFERROR(INDEX(TableSetRepSchemes,MATCH('1'!$C85,ListSetRepSchemes,0),COLUMNS($R85:AF85)),"") -> :20 | AG85: =IFERROR(INDEX(TableSetRepSchemes,MATCH('1'!$C85,ListSetRepSchemes,0),COLUMNS($R85:AG85)),"") -> 0 | AH85: =IFERROR(INDEX(TableSetRepSchemes,MATCH('1'!$C85,ListSetRepSchemes,0),COLUMNS($R85:AH85)),"") -> 0 | AI85: =IFERROR(INDEX(TableSetRepSchemes,MATCH('1'!$C85,ListSetRepSchemes,0),COLUMNS($R85:AI85)),"") -> 0 | AK85: =CLEAN(IFERROR(INDEX(TableSetRepSchemes,MATCH('1'!$C85,ListSetRepSchemes,0),COLUMNS($R85:AK85)),"")) | AM85: =IFERROR(INDEX(TableSetRepSchemes,MATCH('1'!$C85,ListSetRepSchemes,0),COLUMNS($R85:AM85)),"") -> :25 | AN85: =IFERROR(INDEX(TableSetRepSchemes,MATCH('1'!$C85,ListSetRepSchemes,0),COLUMNS($R85:AN85)),"") -> :25 | AO85: =IFERROR(INDEX(TableSetRepSchemes,MATCH('1'!$C85,ListSetRepSchemes,0),COLUMNS($R85:AO85)),"") -> :25 | AP85: =IFERROR(INDEX(TableSetRepSchemes,MATCH('1'!$C85,ListSetRepSchemes,0),COLUMNS($R85:AP85)),"") -> 0 | AQ85: =IFERROR(INDEX(TableSetRepSchemes,MATCH('1'!$C85,ListSetRepSchemes,0),COLUMNS($R85:AQ85)),"") -> 0 | AR85: =IFERROR(INDEX(TableSetRepSchemes,MATCH('1'!$C85,ListSetRepSchemes,0),COLUMNS($R85:AR85)),"") -> 0 | AT85: =CLEAN(IFERROR(INDEX(TableSetRepSchemes,MATCH('1'!$C85,ListSetRepSchemes,0),COLUMNS($R85:AT85)),"")) | AV85: =IFERROR(INDEX(TableSetRepSchemes,MATCH('1'!$C85,ListSetRepSchemes,0),COLUMNS($R85:AV85)),"") -> :30 | AW85: =IFERROR(INDEX(TableSetRepSchemes,MATCH('1'!$C85,ListSetRepSchemes,0),COLUMNS($R85:AW85)),"") -> :30 | AX85: =IFERROR(INDEX(TableSetRepSchemes,MATCH('1'!$C85,ListSetRepSchemes,0),COLUMNS($R85:AX85)),"") -> :30 | AY85: =IFERROR(INDEX(TableSetRepSchemes,MATCH('1'!$C85,ListSetRepSchemes,0),COLUMNS($R85:AY85)),"") -> 0 | AZ85: =IFERROR(INDEX(TableSetRepSchemes,MATCH('1'!$C85,ListSetRepSchemes,0),COLUMNS($R85:AZ85)),"") -> 0 | BA85: =IFERROR(INDEX(TableSetRepSchemes,MATCH('1'!$C85,ListSetRepSchemes,0),COLUMNS($R85:BA85)),"") -> 0 | BG85: Reps | BH85: =IFERROR(SUM(SUBSTITUTE(U85,"/s",""),V85:Z85),0) -> 0 | BI85: =SUM(SUBSTITUTE(AD85,"/s",""),AE85:AI85) -> #VALUE! | BJ85: =SUM(AM85:AR85) -> 0 | BK85: =SUM(AV85:BA85) -> 0 | BN85: ME | BO85: =IF(B83="ME",(BL84),0)+IF(B85="ME",(BL86),0)+IF(B87="ME",(BL88),0)+IF(B89="ME",(BL90),0)+IF(B91="ME",(BL92),0)+IF(B93="ME",(BL94),0)+IF(B95="ME",(BL96),0)+IF(B97="ME",(BL98),0) -> 0 | BP85: =(BO85/$BO$87)*100 -> #N/A | BS85: Reps | BT85: =IF($B85="PE",BH85,"") -> 0 | BU85: =IF($B85="PE",BI85,"") -> #VALUE! | BV85: =IF($B85="PE",BJ85,"") -> 0 | BW85: =IF($B85="PE",BK85,"") -> 0 | BX85: =IFERROR(BT85+BU85+BV85+BW85,NA()) -> #N/A
BG86: V-L | BH86: =IFERROR((SUBSTITUTE(U85,"/s","")*U86)+(V85*V86)+(W85*W86)+(X85*X86)+(Y85*Y86)+(Z85*Z86),0) -> 0 | BI86: =IFERROR((SUBSTITUTE(AD85,"/s","")*AD86)+(AE85*AE86)+(AF85*AF86)+(AG85*AG86)+(AH85*AH86)+(AI85*AI86),0) -> 0 | BJ86: =IFERROR((AM85*AM86)+(AN85*AN86)+(AO85*AO86)+(AP85*AP86)+(AQ85*AQ86)+(AR85*AR86),"") | BK86: =IFERROR((AV85*AV86)+(AW85*AW86)+(AX85*AX86)+(AY85*AY86)+(AZ85*AZ86)+(BA85*BA86),"") | BL86: =IFERROR(BH86+BI86+BJ86+BK86,NA()) -> #N/A | BN86: RE | BO86: =IF(B83="RE",(BL84),0)+IF(B85="RE",(BL86),0)+IF(B87="RE",(BL88),0)+IF(B89="RE",(BL90),0)+IF(B91="RE",(BL92),0)+IF(B93="RE",(BL94),0)+IF(B95="RE",(BL96),0)+IF(B97="RE",(BL98),0) -> 0 | BP86: =(BO86/$BO$87)*100 -> #N/A | BS86: V-L | BT86: =IF($B85="PE",(BH86*$E85*$F85),0) -> #N/A | BU86: =IF($B85="PE",(BI86*$E85*$F85),0) -> #N/A | BV86: =IF($B85="PE",(BJ86*$E85*$F85),0) -> #VALUE! | BW86: =IF($B85="PE",(BK86*$E85*$F85),0) -> #VALUE! | BX86: =IFERROR(BT86+BU86+BV86+BW86,NA()) -> #N/A
A87: PrimaryUpper | B87: ME | C87: 3x6 | D87: =IFERROR(INDEX([2]!Table1RM[#Data],MATCH($M$56,[2]!Table1RM[Athlete],0),MATCH($L87,[2]!Table1RM[#Headers],0)),"") | E87: =IF($B87="PE",INDEX([2]ExerciseInventory!$J$2:$L$276,MATCH($L87,[2]ExerciseInventory!$J$2:$J$287,0),2),"") | F87: =IF($B87="PE",INDEX([2]ExerciseInventory!$J$2:$L$276,MATCH($L87,[2]ExerciseInventory!$J$2:$J$287,0),3),"") | K87: 2A | L87: Step Up w/ TRX Support | S87: =CLEAN(IFERROR(INDEX(TableSetRepSchemes,MATCH(#REF!,ListSetRepSchemes,0),COLUMNS($R87:S87)),"")) | U87: Step Up w/ DB Goblet on L | AB87: =CLEAN(IFERROR(INDEX(TableSetRepSchemes,MATCH('1'!$C87,ListSetRepSchemes,0),COLUMNS($R87:AB87)),"")) | AD87: =IFERROR(INDEX(TableSetRepSchemes,MATCH('1'!$C87,ListSetRepSchemes,0),COLUMNS($R87:AD87)),"") -> 6 | AE87: =IFERROR(INDEX(TableSetRepSchemes,MATCH('1'!$C87,ListSetRepSchemes,0),COLUMNS($R87:AE87)),"") -> 6 | AF87: =IFERROR(INDEX(TableSetRepSchemes,MATCH('1'!$C87,ListSetRepSchemes,0),COLUMNS($R87:AF87)),"") -> 6 | AG87: =IFERROR(INDEX(TableSetRepSchemes,MATCH('1'!$C87,ListSetRepSchemes,0),COLUMNS($R87:AG87)),"") -> 0 | AH87: =IFERROR(INDEX(TableSetRepSchemes,MATCH('1'!$C87,ListSetRepSchemes,0),COLUMNS($R87:AH87)),"") -> 0 | AI87: =IFERROR(INDEX(TableSetRepSchemes,MATCH('1'!$C87,ListSetRepSchemes,0),COLUMNS($R87:AI87)),"") -> 0 | AK87: =CLEAN(IFERROR(INDEX(TableSetRepSchemes,MATCH('1'!$C87,ListSetRepSchemes,0),COLUMNS($R87:AK87)),"")) | AM87: =IFERROR(INDEX(TableSetRepSchemes,MATCH('1'!$C87,ListSetRepSchemes,0),COLUMNS($R87:AM87)),"") -> 6 | AN87: =IFERROR(INDEX(TableSetRepSchemes,MATCH('1'!$C87,ListSetRepSchemes,0),COLUMNS($R87:AN87)),"") -> 6 | AO87: =IFERROR(INDEX(TableSetRepSchemes,MATCH('1'!$C87,ListSetRepSchemes,0),COLUMNS($R87:AO87)),"") -> 6 | AP87: =IFERROR(INDEX(TableSetRepSchemes,MATCH('1'!$C87,ListSetRepSchemes,0),COLUMNS($R87:AP87)),"") -> 0 | AQ87: =IFERROR(INDEX(TableSetRepSchemes,MATCH('1'!$C87,ListSetRepSchemes,0),COLUMNS($R87:AQ87)),"") -> 0 | AR87: =IFERROR(INDEX(TableSetRepSchemes,MATCH('1'!$C87,ListSetRepSchemes,0),COLUMNS($R87:AR87)),"") -> 0 | AT87: =CLEAN(IFERROR(INDEX(TableSetRepSchemes,MATCH('1'!$C87,ListSetRepSchemes,0),COLUMNS($R87:AT87)),"")) | AV87: =IFERROR(INDEX(TableSetRepSchemes,MATCH('1'!$C87,ListSetRepSchemes,0),COLUMNS($R87:AV87)),"") -> 6 | AW87: =IFERROR(INDEX(TableSetRepSchemes,MATCH('1'!$C87,ListSetRepSchemes,0),COLUMNS($R87:AW87)),"") -> 6 | AX87: =IFERROR(INDEX(TableSetRepSchemes,MATCH('1'!$C87,ListSetRepSchemes,0),COLUMNS($R87:AX87)),"") -> 6 | AY87: =IFERROR(INDEX(TableSetRepSchemes,MATCH('1'!$C87,ListSetRepSchemes,0),COLUMNS($R87:AY87)),"") -> 0 | AZ87: =IFERROR(INDEX(TableSetRepSchemes,MATCH('1'!$C87,ListSetRepSchemes,0),COLUMNS($R87:AZ87)),"") -> 0 | BA87: =IFERROR(INDEX(TableSetRepSchemes,MATCH('1'!$C87,ListSetRepSchemes,0),COLUMNS($R87:BA87)),"") -> 0 | BG87: Reps | BH87: =IFERROR(SUM(SUBSTITUTE(U87,"/s",""),V87:Z87),0) -> 0 | BI87: =SUM(SUBSTITUTE(AD87,"/s",""),AE87:AI87) -> 18 | BJ87: =SUM(AM87:AR87) -> 18 | BK87: =SUM(AV87:BA87) -> 18 | BN87: Total | BO87: =SUM(BO83:BO86) -> #N/A | BS87: Reps | BT87: =IF($B87="PE",BH87,"") | BU87: =IF($B87="PE",BI87,"") | BV87: =IF($B87="PE",BJ87,"") | BW87: =IF($B87="PE",BK87,"") | BX87: =IFERROR(BT87+BU87+BV87+BW87,NA()) -> #N/A
BG88: V-L | BH88: =IFERROR((SUBSTITUTE(U87,"/s","")*U88)+(V87*V88)+(W87*W88)+(X87*X88)+(Y87*Y88)+(Z87*Z88),0) -> 0 | BI88: =IFERROR((SUBSTITUTE(AD87,"/s","")*AD88)+(AE87*AE88)+(AF87*AF88)+(AG87*AG88)+(AH87*AH88)+(AI87*AI88),0) -> 0 | BJ88: =IFERROR((AM87*AM88)+(AN87*AN88)+(AO87*AO88)+(AP87*AP88)+(AQ87*AQ88)+(AR87*AR88),"") -> 0 | BK88: =IFERROR((AV87*AV88)+(AW87*AW88)+(AX87*AX88)+(AY87*AY88)+(AZ87*AZ88)+(BA87*BA88),"") -> 0 | BL88: =IFERROR(BH88+BI88+BJ88+BK88,NA()) -> 0 | BS88: V-L | BT88: =IF($B87="PE",(BH88*$E87*$F87),0) -> 0 | BU88: =IF($B87="PE",(BI88*$E87*$F87),0) -> 0 | BV88: =IF($B87="PE",(BJ88*$E87*$F87),0) -> 0 | BW88: =IF($B87="PE",(BK88*$E87*$F87),0) -> 0 | BX88: =IFERROR(BT88+BU88+BV88+BW88,NA()) -> 0
C89: 3x8 | D89: =IFERROR(INDEX([2]!Table1RM[#Data],MATCH($M$56,[2]!Table1RM[Athlete],0),MATCH($L89,[2]!Table1RM[#Headers],0)),"") | E89: =IF($B89="PE",INDEX([2]ExerciseInventory!$J$2:$L$276,MATCH($L89,[2]ExerciseInventory!$J$2:$J$287,0),2),"") | F89: =IF($B89="PE",INDEX([2]ExerciseInventory!$J$2:$L$276,MATCH($L89,[2]ExerciseInventory!$J$2:$J$287,0),3),"") | K89: 2B | L89: Push-Pull on Keiser | S89: =CLEAN(IFERROR(INDEX(TableSetRepSchemes,MATCH(#REF!,ListSetRepSchemes,0),COLUMNS($R89:S89)),"")) | U89: stable lower body | AB89: =CLEAN(IFERROR(INDEX(TableSetRepSchemes,MATCH('1'!$C89,ListSetRepSchemes,0),COLUMNS($R89:AB89)),"")) | AD89: =IFERROR(INDEX(TableSetRepSchemes,MATCH('1'!$C89,ListSetRepSchemes,0),COLUMNS($R89:AD89)),"") -> 8 | AE89: =IFERROR(INDEX(TableSetRepSchemes,MATCH('1'!$C89,ListSetRepSchemes,0),COLUMNS($R89:AE89)),"") -> 8 | AF89: =IFERROR(INDEX(TableSetRepSchemes,MATCH('1'!$C89,ListSetRepSchemes,0),COLUMNS($R89:AF89)),"") -> 8 | AG89: =IFERROR(INDEX(TableSetRepSchemes,MATCH('1'!$C89,ListSetRepSchemes,0),COLUMNS($R89:AG89)),"") -> 0 | AH89: =IFERROR(INDEX(TableSetRepSchemes,MATCH('1'!$C89,ListSetRepSchemes,0),COLUMNS($R89:AH89)),"") -> 0 | AI89: =IFERROR(INDEX(TableSetRepSchemes,MATCH('1'!$C89,ListSetRepSchemes,0),COLUMNS($R89:AI89)),"") -> 0 | AK89: =CLEAN(IFERROR(INDEX(TableSetRepSchemes,MATCH('1'!$C89,ListSetRepSchemes,0),COLUMNS($R89:AK89)),"")) | AM89: =IFERROR(INDEX(TableSetRepSchemes,MATCH('1'!$C89,ListSetRepSchemes,0),COLUMNS($R89:AM89)),"") -> 8 | AN89: =IFERROR(INDEX(TableSetRepSchemes,MATCH('1'!$C89,ListSetRepSchemes,0),COLUMNS($R89:AN89)),"") -> 8 | AO89: =IFERROR(INDEX(TableSetRepSchemes,MATCH('1'!$C89,ListSetRepSchemes,0),COLUMNS($R89:AO89)),"") -> 8 | AP89: =IFERROR(INDEX(TableSetRepSchemes,MATCH('1'!$C89,ListSetRepSchemes,0),COLUMNS($R89:AP89)),"") -> 0 | AQ89: =IFERROR(INDEX(TableSetRepSchemes,MATCH('1'!$C89,ListSetRepSchemes,0),COLUMNS($R89:AQ89)),"") -> 0 | AR89: =IFERROR(INDEX(TableSetRepSchemes,MATCH('1'!$C89,ListSetRepSchemes,0),COLUMNS($R89:AR89)),"") -> 0 | AT89: =CLEAN(IFERROR(INDEX(TableSetRepSchemes,MATCH('1'!$C89,ListSetRepSchemes,0),COLUMNS($R89:AT89)),"")) | AV89: =IFERROR(INDEX(TableSetRepSchemes,MATCH('1'!$C89,ListSetRepSchemes,0),COLUMNS($R89:AV89)),"") -> 8 | AW89: =IFERROR(INDEX(TableSetRepSchemes,MATCH('1'!$C89,ListSetRepSchemes,0),COLUMNS($R89:AW89)),"") -> 8 | AX89: =IFERROR(INDEX(TableSetRepSchemes,MATCH('1'!$C89,ListSetRepSchemes,0),COLUMNS($R89:AX89)),"") -> 8 | AY89: =IFERROR(INDEX(TableSetRepSchemes,MATCH('1'!$C89,ListSetRepSchemes,0),COLUMNS($R89:AY89)),"") -> 0 | AZ89: =IFERROR(INDEX(TableSetRepSchemes,MATCH('1'!$C89,ListSetRepSchemes,0),COLUMNS($R89:AZ89)),"") -> 0 | BA89: =IFERROR(INDEX(TableSetRepSchemes,MATCH('1'!$C89,ListSetRepSchemes,0),COLUMNS($R89:BA89)),"") -> 0 | BG89: Reps | BH89: =IFERROR(SUM(SUBSTITUTE(U89,"/s",""),V89:Z89),0) -> 0 | BI89: =SUM(SUBSTITUTE(AD89,"/s",""),AE89:AI89) -> 24 | BJ89: =SUM(AM89:AR89) -> 24 | BK89: =SUM(AV89:BA89) -> 24 | BS89: Reps | BT89: =IF($B89="PE",BH89,"") | BU89: =IF($B89="PE",BI89,"") | BV89: =IF($B89="PE",BJ89,"") | BW89: =IF($B89="PE",BK89,"") | BX89: =IFERROR(BT89+BU89+BV89+BW89,NA()) -> #N/A
BG90: V-L | BH90: =IFERROR((SUBSTITUTE(U89,"/s","")*U90)+(V89*V90)+(W89*W90)+(X89*X90)+(Y89*Y90)+(Z89*Z90),0) -> 0 | BI90: =IFERROR((SUBSTITUTE(AD89,"/s","")*AD90)+(AE89*AE90)+(AF89*AF90)+(AG89*AG90)+(AH89*AH90)+(AI89*AI90),0) -> 0 | BJ90: =IFERROR((AM89*AM90)+(AN89*AN90)+(AO89*AO90)+(AP89*AP90)+(AQ89*AQ90)+(AR89*AR90),"") -> 0 | BK90: =IFERROR((AV89*AV90)+(AW89*AW90)+(AX89*AX90)+(AY89*AY90)+(AZ89*AZ90)+(BA89*BA90),"") -> 0 | BL90: =IFERROR(BH90+BI90+BJ90+BK90,NA()) -> 0 | BS90: V-L | BT90: =IF($B89="PE",(BH90*$E89*$F89),0) -> 0 | BU90: =IF($B89="PE",(BI90*$E89*$F89),0) -> 0 | BV90: =IF($B89="PE",(BJ90*$E89*$F89),0) -> 0 | BW90: =IF($B89="PE",(BK90*$E89*$F89),0) -> 0 | BX90: =IFERROR(BT90+BU90+BV90+BW90,NA()) -> 0
A91: AccessoryUpper | B91: RE | C91: 3x7+1 | D91: =IFERROR(INDEX([2]!Table1RM[#Data],MATCH($M$56,[2]!Table1RM[Athlete],0),MATCH($L91,[2]!Table1RM[#Headers],0)),"") | E91: =IF($B91="PE",INDEX([2]ExerciseInventory!$J$2:$L$276,MATCH($L91,[2]ExerciseInventory!$J$2:$J$287,0),2),"") | F91: =IF($B91="PE",INDEX([2]ExerciseInventory!$J$2:$L$276,MATCH($L91,[2]ExerciseInventory!$J$2:$J$287,0),3),"") | K91: 3A | L91: SL Swiss Ball Hamstring Curl | S91: =CLEAN(IFERROR(INDEX(TableSetRepSchemes,MATCH(#REF!,ListSetRepSchemes,0),COLUMNS($R91:S91)),"")) | U91: hips high | AB91: =CLEAN(IFERROR(INDEX(TableSetRepSchemes,MATCH('1'!$C91,ListSetRepSchemes,0),COLUMNS($R91:AB91)),"")) | AD91: =IFERROR(INDEX(TableSetRepSchemes,MATCH('1'!$C91,ListSetRepSchemes,0),COLUMNS($R91:AD91)),"") -> 8 | AE91: =IFERROR(INDEX(TableSetRepSchemes,MATCH('1'!$C91,ListSetRepSchemes,0),COLUMNS($R91:AE91)),"") -> 8 | AF91: =IFERROR(INDEX(TableSetRepSchemes,MATCH('1'!$C91,ListSetRepSchemes,0),COLUMNS($R91:AF91)),"") -> 8 | AG91: =IFERROR(INDEX(TableSetRepSchemes,MATCH('1'!$C91,ListSetRepSchemes,0),COLUMNS($R91:AG91)),"") -> 0 | AH91: =IFERROR(INDEX(TableSetRepSchemes,MATCH('1'!$C91,ListSetRepSchemes,0),COLUMNS($R91:AH91)),"") -> 0 | AI91: =IFERROR(INDEX(TableSetRepSchemes,MATCH('1'!$C91,ListSetRepSchemes,0),COLUMNS($R91:AI91)),"") -> 0 | AK91: =CLEAN(IFERROR(INDEX(TableSetRepSchemes,MATCH('1'!$C91,ListSetRepSchemes,0),COLUMNS($R91:AK91)),"")) | AM91: =IFERROR(INDEX(TableSetRepSchemes,MATCH('1'!$C91,ListSetRepSchemes,0),COLUMNS($R91:AM91)),"") -> 9 | AN91: =IFERROR(INDEX(TableSetRepSchemes,MATCH('1'!$C91,ListSetRepSchemes,0),COLUMNS($R91:AN91)),"") -> 9 | AO91: =IFERROR(INDEX(TableSetRepSchemes,MATCH('1'!$C91,ListSetRepSchemes,0),COLUMNS($R91:AO91)),"") -> 9 | AP91: =IFERROR(INDEX(TableSetRepSchemes,MATCH('1'!$C91,ListSetRepSchemes,0),COLUMNS($R91:AP91)),"") -> 0 | AQ91: =IFERROR(INDEX(TableSetRepSchemes,MATCH('1'!$C91,ListSetRepSchemes,0),COLUMNS($R91:AQ91)),"") -> 0 | AR91: =IFERROR(INDEX(TableSetRepSchemes,MATCH('1'!$C91,ListSetRepSchemes,0),COLUMNS($R91:AR91)),"") -> 0 | AT91: =CLEAN(IFERROR(INDEX(TableSetRepSchemes,MATCH('1'!$C91,ListSetRepSchemes,0),COLUMNS($R91:AT91)),"")) | AV91: =IFERROR(INDEX(TableSetRepSchemes,MATCH('1'!$C91,ListSetRepSchemes,0),COLUMNS($R91:AV91)),"") -> 10 | AW91: =IFERROR(INDEX(TableSetRepSchemes,MATCH('1'!$C91,ListSetRepSchemes,0),COLUMNS($R91:AW91)),"") -> 10 | AX91: =IFERROR(INDEX(TableSetRepSchemes,MATCH('1'!$C91,ListSetRepSchemes,0),COLUMNS($R91:AX91)),"") -> 10 | AY91: =IFERROR(INDEX(TableSetRepSchemes,MATCH('1'!$C91,ListSetRepSchemes,0),COLUMNS($R91:AY91)),"") -> 0 | AZ91: =IFERROR(INDEX(TableSetRepSchemes,MATCH('1'!$C91,ListSetRepSchemes,0),COLUMNS($R91:AZ91)),"") -> 0 | BA91: =IFERROR(INDEX(TableSetRepSchemes,MATCH('1'!$C91,ListSetRepSchemes,0),COLUMNS($R91:BA91)),"") -> 0 | BG91: Reps | BH91: =IFERROR(SUM(SUBSTITUTE(U91,"/s",""),V91:Z91),0) -> 0 | BI91: =SUM(SUBSTITUTE(AD91,"/s",""),AE91:AI91) -> 24 | BJ91: =SUM(AM91:AR91) -> 27 | BK91: =SUM(AV91:BA91) -> 30 | BS91: Reps | BT91: =IF($B91="PE",BH91,"") | BU91: =IF($B91="PE",BI91,"") | BV91: =IF($B91="PE",BJ91,"") | BW91: =IF($B91="PE",BK91,"") | BX91: =IFERROR(BT91+BU91+BV91+BW91,NA()) -> #N/A
Q92: :03 ECC | BG92: V-L | BH92: =IFERROR((SUBSTITUTE(U91,"/s","")*U92)+(V91*V92)+(W91*W92)+(X91*X92)+(Y91*Y92)+(Z91*Z92),0) -> 0 | BI92: =IFERROR((SUBSTITUTE(AD91,"/s","")*AD92)+(AE91*AE92)+(AF91*AF92)+(AG91*AG92)+(AH91*AH92)+(AI91*AI92),0) -> 0 | BJ92: =IFERROR((AM91*AM92)+(AN91*AN92)+(AO91*AO92)+(AP91*AP92)+(AQ91*AQ92)+(AR91*AR92),"") -> 0 | BK92: =IFERROR((AV91*AV92)+(AW91*AW92)+(AX91*AX92)+(AY91*AY92)+(AZ91*AZ92)+(BA91*BA92),"") -> 0 | BL92: =IFERROR(BH92+BI92+BJ92+BK92,NA()) -> 0 | BS92: V-L | BT92: =IF($B91="PE",(BH92*$E91*$F91),0) -> 0 | BU92: =IF($B91="PE",(BI92*$E91*$F91),0) -> 0 | BV92: =IF($B91="PE",(BJ92*$E91*$F91),0) -> 0 | BW92: =IF($B91="PE",(BK92*$E91*$F91),0) -> 0 | BX92: =IFERROR(BT92+BU92+BV92+BW92,NA()) -> 0
A93: AccessoryUpper | B93: RE | C93: 3x7+1 | D93: =IFERROR(INDEX([2]!Table1RM[#Data],MATCH($M$56,[2]!Table1RM[Athlete],0),MATCH($L93,[2]!Table1RM[#Headers],0)),"") | E93: =IF($B93="PE",INDEX([2]ExerciseInventory!$J$2:$L$276,MATCH($L93,[2]ExerciseInventory!$J$2:$J$287,0),2),"") | F93: =IF($B93="PE",INDEX([2]ExerciseInventory!$J$2:$L$276,MATCH($L93,[2]ExerciseInventory!$J$2:$J$287,0),3),"") | K93: 3B | L93: Standing DL Calf Raise - Rack | Q93: BB | S93: =CLEAN(IFERROR(INDEX(TableSetRepSchemes,MATCH(#REF!,ListSetRepSchemes,0),COLUMNS($R93:S93)),"")) | U93: get someone to help you set this up safely | AB93: =CLEAN(IFERROR(INDEX(TableSetRepSchemes,MATCH('1'!$C93,ListSetRepSchemes,0),COLUMNS($R93:AB93)),"")) | AD93: =IFERROR(INDEX(TableSetRepSchemes,MATCH('1'!$C93,ListSetRepSchemes,0),COLUMNS($R93:AD93)),"") -> 8 | AE93: =IFERROR(INDEX(TableSetRepSchemes,MATCH('1'!$C93,ListSetRepSchemes,0),COLUMNS($R93:AE93)),"") -> 8 | AF93: =IFERROR(INDEX(TableSetRepSchemes,MATCH('1'!$C93,ListSetRepSchemes,0),COLUMNS($R93:AF93)),"") -> 8 | AG93: =IFERROR(INDEX(TableSetRepSchemes,MATCH('1'!$C93,ListSetRepSchemes,0),COLUMNS($R93:AG93)),"") -> 0 | AH93: =IFERROR(INDEX(TableSetRepSchemes,MATCH('1'!$C93,ListSetRepSchemes,0),COLUMNS($R93:AH93)),"") -> 0 | AI93: =IFERROR(INDEX(TableSetRepSchemes,MATCH('1'!$C93,ListSetRepSchemes,0),COLUMNS($R93:AI93)),"") -> 0 | AK93: =CLEAN(IFERROR(INDEX(TableSetRepSchemes,MATCH('1'!$C93,ListSetRepSchemes,0),COLUMNS($R93:AK93)),"")) | AM93: =IFERROR(INDEX(TableSetRepSchemes,MATCH('1'!$C93,ListSetRepSchemes,0),COLUMNS($R93:AM93)),"") -> 9 | AN93: =IFERROR(INDEX(TableSetRepSchemes,MATCH('1'!$C93,ListSetRepSchemes,0),COLUMNS($R93:AN93)),"") -> 9 | AO93: =IFERROR(INDEX(TableSetRepSchemes,MATCH('1'!$C93,ListSetRepSchemes,0),COLUMNS($R93:AO93)),"") -> 9 | AP93: =IFERROR(INDEX(TableSetRepSchemes,MATCH('1'!$C93,ListSetRepSchemes,0),COLUMNS($R93:AP93)),"") -> 0 | AQ93: =IFERROR(INDEX(TableSetRepSchemes,MATCH('1'!$C93,ListSetRepSchemes,0),COLUMNS($R93:AQ93)),"") -> 0 | AR93: =IFERROR(INDEX(TableSetRepSchemes,MATCH('1'!$C93,ListSetRepSchemes,0),COLUMNS($R93:AR93)),"") -> 0 | AT93: =CLEAN(IFERROR(INDEX(TableSetRepSchemes,MATCH('1'!$C93,ListSetRepSchemes,0),COLUMNS($R93:AT93)),"")) | AV93: =IFERROR(INDEX(TableSetRepSchemes,MATCH('1'!$C93,ListSetRepSchemes,0),COLUMNS($R93:AV93)),"") -> 10 | AW93: =IFERROR(INDEX(TableSetRepSchemes,MATCH('1'!$C93,ListSetRepSchemes,0),COLUMNS($R93:AW93)),"") -> 10 | AX93: =IFERROR(INDEX(TableSetRepSchemes,MATCH('1'!$C93,ListSetRepSchemes,0),COLUMNS($R93:AX93)),"") -> 10 | AY93: =IFERROR(INDEX(TableSetRepSchemes,MATCH('1'!$C93,ListSetRepSchemes,0),COLUMNS($R93:AY93)),"") -> 0 | AZ93: =IFERROR(INDEX(TableSetRepSchemes,MATCH('1'!$C93,ListSetRepSchemes,0),COLUMNS($R93:AZ93)),"") -> 0 | BA93: =IFERROR(INDEX(TableSetRepSchemes,MATCH('1'!$C93,ListSetRepSchemes,0),COLUMNS($R93:BA93)),"") -> 0 | BG93: Reps | BH93: =IFERROR(SUM(SUBSTITUTE(U93,"/s",""),V93:Z93),0) -> 0 | BI93: =SUM(SUBSTITUTE(AD93,"/s",""),AE93:AI93) -> 24 | BJ93: =SUM(AM93:AR93) -> 27 | BK93: =SUM(AV93:BA93) -> 30 | BS93: Reps | BT93: =IF($B93="PE",BH93,"") | BU93: =IF($B93="PE",BI93,"") | BV93: =IF($B93="PE",BJ93,"") | BW93: =IF($B93="PE",BK93,"") | BX93: =IFERROR(BT93+BU93+BV93+BW93,NA()) -> #N/A
BG94: V-L | BH94: =IFERROR((SUBSTITUTE(U93,"/s","")*U94)+(V93*V94)+(W93*W94)+(X93*X94)+(Y93*Y94)+(Z93*Z94),0) -> 0 | BI94: =IFERROR((SUBSTITUTE(AD93,"/s","")*AD94)+(AE93*AE94)+(AF93*AF94)+(AG93*AG94)+(AH93*AH94)+(AI93*AI94),0) -> 0 | BJ94: =IFERROR((AM93*AM94)+(AN93*AN94)+(AO93*AO94)+(AP93*AP94)+(AQ93*AQ94)+(AR93*AR94),"") -> 0 | BK94: =IFERROR((AV93*AV94)+(AW93*AW94)+(AX93*AX94)+(AY93*AY94)+(AZ93*AZ94)+(BA93*BA94),"") -> 0 | BL94: =IFERROR(BH94+BI94+BJ94+BK94,NA()) -> 0 | BS94: V-L | BT94: =IF($B93="PE",(BH94*$E93*$F93),0) -> 0 | BU94: =IF($B93="PE",(BI94*$E93*$F93),0) -> 0 | BV94: =IF($B93="PE",(BJ94*$E93*$F93),0) -> 0 | BW94: =IF($B93="PE",(BK94*$E93*$F93),0) -> 0 | BX94: =IFERROR(BT94+BU94+BV94+BW94,NA()) -> 0
A95: AccessoryLower | B95: ME | C95: Empty | D95: =IFERROR(INDEX([2]!Table1RM[#Data],MATCH($M$56,[2]!Table1RM[Athlete],0),MATCH($L95,[2]!Table1RM[#Headers],0)),"") | E95: =IF($B95="PE",INDEX([2]ExerciseInventory!$J$2:$L$276,MATCH($L95,[2]ExerciseInventory!$J$2:$J$287,0),2),"") | F95: =IF($B95="PE",INDEX([2]ExerciseInventory!$J$2:$L$276,MATCH($L95,[2]ExerciseInventory!$J$2:$J$287,0),3),"") | S95: =CLEAN(IFERROR(INDEX(TableSetRepSchemes,MATCH(#REF!,ListSetRepSchemes,0),COLUMNS($R95:S95)),"")) | AB95: =CLEAN(IFERROR(INDEX(TableSetRepSchemes,MATCH('1'!$C95,ListSetRepSchemes,0),COLUMNS($R95:AB95)),"")) | AD95: =IFERROR(INDEX(TableSetRepSchemes,MATCH('1'!$C95,ListSetRepSchemes,0),COLUMNS($R95:AD95)),"") -> 0 | AE95: =IFERROR(INDEX(TableSetRepSchemes,MATCH('1'!$C95,ListSetRepSchemes,0),COLUMNS($R95:AE95)),"") -> 0 | AF95: =IFERROR(INDEX(TableSetRepSchemes,MATCH('1'!$C95,ListSetRepSchemes,0),COLUMNS($R95:AF95)),"") -> 0 | AG95: =IFERROR(INDEX(TableSetRepSchemes,MATCH('1'!$C95,ListSetRepSchemes,0),COLUMNS($R95:AG95)),"") -> 0 | AH95: =IFERROR(INDEX(TableSetRepSchemes,MATCH('1'!$C95,ListSetRepSchemes,0),COLUMNS($R95:AH95)),"") -> 0 | AI95: =IFERROR(INDEX(TableSetRepSchemes,MATCH('1'!$C95,ListSetRepSchemes,0),COLUMNS($R95:AI95)),"") -> 0 | AK95: =CLEAN(IFERROR(INDEX(TableSetRepSchemes,MATCH('1'!$C95,ListSetRepSchemes,0),COLUMNS($R95:AK95)),"")) | AM95: =IFERROR(INDEX(TableSetRepSchemes,MATCH('1'!$C95,ListSetRepSchemes,0),COLUMNS($R95:AM95)),"") -> 0 | AN95: =IFERROR(INDEX(TableSetRepSchemes,MATCH('1'!$C95,ListSetRepSchemes,0),COLUMNS($R95:AN95)),"") -> 0 | AO95: =IFERROR(INDEX(TableSetRepSchemes,MATCH('1'!$C95,ListSetRepSchemes,0),COLUMNS($R95:AO95)),"") -> 0 | AP95: =IFERROR(INDEX(TableSetRepSchemes,MATCH('1'!$C95,ListSetRepSchemes,0),COLUMNS($R95:AP95)),"") -> 0 | AQ95: =IFERROR(INDEX(TableSetRepSchemes,MATCH('1'!$C95,ListSetRepSchemes,0),COLUMNS($R95:AQ95)),"") -> 0 | AR95: =IFERROR(INDEX(TableSetRepSchemes,MATCH('1'!$C95,ListSetRepSchemes,0),COLUMNS($R95:AR95)),"") -> 0 | AT95: =CLEAN(IFERROR(INDEX(TableSetRepSchemes,MATCH('1'!$C95,ListSetRepSchemes,0),COLUMNS($R95:AT95)),"")) | AV95: =IFERROR(INDEX(TableSetRepSchemes,MATCH('1'!$C95,ListSetRepSchemes,0),COLUMNS($R95:AV95)),"") -> 0 | AW95: =IFERROR(INDEX(TableSetRepSchemes,MATCH('1'!$C95,ListSetRepSchemes,0),COLUMNS($R95:AW95)),"") -> 0 | AX95: =IFERROR(INDEX(TableSetRepSchemes,MATCH('1'!$C95,ListSetRepSchemes,0),COLUMNS($R95:AX95)),"") -> 0 | AY95: =IFERROR(INDEX(TableSetRepSchemes,MATCH('1'!$C95,ListSetRepSchemes,0),COLUMNS($R95:AY95)),"") -> 0 | AZ95: =IFERROR(INDEX(TableSetRepSchemes,MATCH('1'!$C95,ListSetRepSchemes,0),COLUMNS($R95:AZ95)),"") -> 0 | BA95: =IFERROR(INDEX(TableSetRepSchemes,MATCH('1'!$C95,ListSetRepSchemes,0),COLUMNS($R95:BA95)),"") -> 0 | BG95: Reps | BH95: =IFERROR(SUM(SUBSTITUTE(U95,"/s",""),V95:Z95),0) -> 0 | BI95: =SUM(SUBSTITUTE(AD95,"/s",""),AE95:AI95) -> 0 | BJ95: =SUM(AM95:AR95) -> 0 | BK95: =SUM(AV95:BA95) -> 0 | BS95: Reps | BT95: =IF($B95="PE",BH95,"") | BU95: =IF($B95="PE",BI95,"") | BV95: =IF($B95="PE",BJ95,"") | BW95: =IF($B95="PE",BK95,"") | BX95: =IFERROR(BT95+BU95+BV95+BW95,NA()) -> #N/A
BG96: V-L | BH96: =IFERROR((SUBSTITUTE(U95,"/s","")*U96)+(V95*V96)+(W95*W96)+(X95*X96)+(Y95*Y96)+(Z95*Z96),0) -> 0 | BI96: =IFERROR((SUBSTITUTE(AD95,"/s","")*AD96)+(AE95*AE96)+(AF95*AF96)+(AG95*AG96)+(AH95*AH96)+(AI95*AI96),0) -> 0 | BJ96: =IFERROR((AM95*AM96)+(AN95*AN96)+(AO95*AO96)+(AP95*AP96)+(AQ95*AQ96)+(AR95*AR96),"") -> 0 | BK96: =IFERROR((AV95*AV96)+(AW95*AW96)+(AX95*AX96)+(AY95*AY96)+(AZ95*AZ96)+(BA95*BA96),"") -> 0 | BL96: =IFERROR(BH96+BI96+BJ96+BK96,NA()) -> 0 | BS96: V-L | BT96: =IF($B95="PE",(BH96*$E95*$F95),0) -> 0 | BU96: =IF($B95="PE",(BI96*$E95*$F95),0) -> 0 | BV96: =IF($B95="PE",(BJ96*$E95*$F95),0) -> 0 | BW96: =IF($B95="PE",(BK96*$E95*$F95),0) -> 0 | BX96: =IFERROR(BT96+BU96+BV96+BW96,NA()) -> 0
C97: Empty | D97: =IFERROR(INDEX([2]!Table1RM[#Data],MATCH($M$56,[2]!Table1RM[Athlete],0),MATCH($L97,[2]!Table1RM[#Headers],0)),"") | E97: =IF($B97="PE",INDEX([2]ExerciseInventory!$J$2:$L$276,MATCH($L97,[2]ExerciseInventory!$J$2:$J$287,0),2),"") | F97: =IF($B97="PE",INDEX([2]ExerciseInventory!$J$2:$L$276,MATCH($L97,[2]ExerciseInventory!$J$2:$J$287,0),3),"") | S97: =CLEAN(IFERROR(INDEX(TableSetRepSchemes,MATCH(#REF!,ListSetRepSchemes,0),COLUMNS($R97:S97)),"")) | AB97: =CLEAN(IFERROR(INDEX(TableSetRepSchemes,MATCH('1'!$C97,ListSetRepSchemes,0),COLUMNS($R97:AB97)),"")) | AD97: =IFERROR(INDEX(TableSetRepSchemes,MATCH('1'!$C97,ListSetRepSchemes,0),COLUMNS($R97:AD97)),"") -> 0 | AE97: =IFERROR(INDEX(TableSetRepSchemes,MATCH('1'!$C97,ListSetRepSchemes,0),COLUMNS($R97:AE97)),"") -> 0 | AF97: =IFERROR(INDEX(TableSetRepSchemes,MATCH('1'!$C97,ListSetRepSchemes,0),COLUMNS($R97:AF97)),"") -> 0 | AG97: =IFERROR(INDEX(TableSetRepSchemes,MATCH('1'!$C97,ListSetRepSchemes,0),COLUMNS($R97:AG97)),"") -> 0 | AH97: =IFERROR(INDEX(TableSetRepSchemes,MATCH('1'!$C97,ListSetRepSchemes,0),COLUMNS($R97:AH97)),"") -> 0 | AI97: =IFERROR(INDEX(TableSetRepSchemes,MATCH('1'!$C97,ListSetRepSchemes,0),COLUMNS($R97:AI97)),"") -> 0 | AK97: =CLEAN(IFERROR(INDEX(TableSetRepSchemes,MATCH('1'!$C97,ListSetRepSchemes,0),COLUMNS($R97:AK97)),"")) | AM97: =IFERROR(INDEX(TableSetRepSchemes,MATCH('1'!$C97,ListSetRepSchemes,0),COLUMNS($R97:AM97)),"") -> 0 | AN97: =IFERROR(INDEX(TableSetRepSchemes,MATCH('1'!$C97,ListSetRepSchemes,0),COLUMNS($R97:AN97)),"") -> 0 | AO97: =IFERROR(INDEX(TableSetRepSchemes,MATCH('1'!$C97,ListSetRepSchemes,0),COLUMNS($R97:AO97)),"") -> 0 | AP97: =IFERROR(INDEX(TableSetRepSchemes,MATCH('1'!$C97,ListSetRepSchemes,0),COLUMNS($R97:AP97)),"") -> 0 | AQ97: =IFERROR(INDEX(TableSetRepSchemes,MATCH('1'!$C97,ListSetRepSchemes,0),COLUMNS($R97:AQ97)),"") -> 0 | AR97: =IFERROR(INDEX(TableSetRepSchemes,MATCH('1'!$C97,ListSetRepSchemes,0),COLUMNS($R97:AR97)),"") -> 0 | AT97: =CLEAN(IFERROR(INDEX(TableSetRepSchemes,MATCH('1'!$C97,ListSetRepSchemes,0),COLUMNS($R97:AT97)),"")) | AV97: =IFERROR(INDEX(TableSetRepSchemes,MATCH('1'!$C97,ListSetRepSchemes,0),COLUMNS($R97:AV97)),"") -> 0 | AW97: =IFERROR(INDEX(TableSetRepSchemes,MATCH('1'!$C97,ListSetRepSchemes,0),COLUMNS($R97:AW97)),"") -> 0 | AX97: =IFERROR(INDEX(TableSetRepSchemes,MATCH('1'!$C97,ListSetRepSchemes,0),COLUMNS($R97:AX97)),"") -> 0 | AY97: =IFERROR(INDEX(TableSetRepSchemes,MATCH('1'!$C97,ListSetRepSchemes,0),COLUMNS($R97:AY97)),"") -> 0 | AZ97: =IFERROR(INDEX(TableSetRepSchemes,MATCH('1'!$C97,ListSetRepSchemes,0),COLUMNS($R97:AZ97)),"") -> 0 | BA97: =IFERROR(INDEX(TableSetRepSchemes,MATCH('1'!$C97,ListSetRepSchemes,0),COLUMNS($R97:BA97)),"") -> 0 | BG97: Reps | BH97: =IFERROR(SUM(SUBSTITUTE(U97,"/s",""),V97:Z97),0) -> 0 | BI97: =SUM(SUBSTITUTE(AD97,"/s",""),AE97:AI97) -> 0 | BJ97: =SUM(AM97:AR97) -> 0 | BK97: =SUM(AV97:BA97) -> 0 | BS97: Reps | BT97: =IF($B97="PE",BH97,"") | BU97: =IF($B97="PE",BI97,"") | BV97: =IF($B97="PE",BJ97,"") | BW97: =IF($B97="PE",BK97,"") | BX97: =IFERROR(BT97+BU97+BV97+BW97,NA()) -> #N/A
BG98: V-L | BH98: =IFERROR((SUBSTITUTE(U97,"/s","")*U98)+(V97*V98)+(W97*W98)+(X97*X98)+(Y97*Y98)+(Z97*Z98),0) -> 0 | BI98: =IFERROR((SUBSTITUTE(AD97,"/s","")*AD98)+(AE97*AE98)+(AF97*AF98)+(AG97*AG98)+(AH97*AH98)+(AI97*AI98),0) -> 0 | BJ98: =IFERROR((AM97*AM98)+(AN97*AN98)+(AO97*AO98)+(AP97*AP98)+(AQ97*AQ98)+(AR97*AR98),"") -> 0 | BK98: =IFERROR((AV97*AV98)+(AW97*AW98)+(AX97*AX98)+(AY97*AY98)+(AZ97*AZ98)+(BA97*BA98),"") -> 0 | BL98: =IFERROR(BH98+BI98+BJ98+BK98,NA()) -> 0 | BS98: V-L | BT98: =IF($B97="PE",(BH98*$E97*$F97),0) -> 0 | BU98: =IF($B97="PE",(BI98*$E97*$F97),0) -> 0 | BV98: =IF($B97="PE",(BJ98*$E97*$F97),0) -> 0 | BW98: =IF($B97="PE",(BK98*$E97*$F97),0) -> 0 | BX98: =IFERROR(BT98+BU98+BV98+BW98,NA()) -> 0
BH99: =BH84+BH86+BH88+BH90+BH92+BH94+BH96+BH98 -> 0 | BI99: =BI84+BI86+BI88+BI90+BI92+BI94+BI96+BI98 -> 0 | BJ99: =BJ84+BJ86+BJ88+BJ90+BJ92+BJ94+BJ96+BJ98 -> #VALUE! | BK99: =BK84+BK86+BK88+BK90+BK92+BK94+BK96+BK98 -> #VALUE! | BT99: =BT84+BT86+BT88+BT90+BT92+BT94+BT96+BT98 -> #N/A | BU99: =BU84+BU86+BU88+BU90+BU92+BU94+BU96+BU98 -> #N/A | BV99: =BV84+BV86+BV88+BV90+BV92+BV94+BV96+BV98 -> #VALUE! | BW99: =BW84+BW86+BW88+BW90+BW92+BW94+BW96+BW98 -> #VALUE! | BX99: =BX84+BX86+BX88+BX90+BX92+BX94+BX96+BX98 -> #N/A
E101: Plyo Load | F101: Plyo Reps | K101: Lift 3 | U101: Date: | AD101: Date: | AM101: Date: | AN101: 45446 | AV101: Date: | BT101: =SUM(BT83,BT85,BT87,BT89,BT91,BT93,BT95,BT97) -> 0 | BU101: =SUM(BU83,BU85,BU87,BU89,BU91,BU93,BU95,BU97) -> #VALUE! | BV101: =SUM(BV83,BV85,BV87,BV89,BV91,BV93,BV95,BV97) -> 0 | BW101: =SUM(BW83,BW85,BW87,BW89,BW91,BW93,BW95,BW97) -> 0
A102: ExerciseCategory | C102: SetRepScheme | D102: 1RM | G102: %BM | H102: /side | U102: Reps/Sets | AD102: Reps/Sets | AM102: Reps/Sets | AV102: Reps/Sets | BH102: Micro 1 | BI102: Micro 2 | BJ102: Micro 3 | BK102: Micro 4 | BN102: Effort | BO102: Load | BP102: % | BT102: Micro 1 | BU102: Micro 2 | BV102: Micro 3 | BW102: Micro 4
A103: AccessoryLower | B103: RE | C103: 3x6 | D103: =IFERROR(INDEX([2]!Table1RM[#Data],MATCH($M$56,[2]!Table1RM[Athlete],0),MATCH($L103,[2]!Table1RM[#Headers],0)),"") | E103: =IF($B103="PE",INDEX([2]ExerciseInventory!$J$2:$L$276,MATCH($L103,[2]ExerciseInventory!$J$2:$J$287,0),2),"") | F103: =IF($B103="PE",INDEX([2]ExerciseInventory!$J$2:$L$276,MATCH($L103,[2]ExerciseInventory!$J$2:$J$287,0),3),"") | K103: 1A | L103: BB Hip Thrust | S103: =CLEAN(IFERROR(INDEX(TableSetRepSchemes,MATCH(#REF!,ListSetRepSchemes,0),COLUMNS($R103:S103)),"")) | AB103: =CLEAN(IFERROR(INDEX(TableSetRepSchemes,MATCH('1'!$C103,ListSetRepSchemes,0),COLUMNS($R103:AB103)),"")) | AD103: =IFERROR(INDEX(TableSetRepSchemes,MATCH('1'!$C103,ListSetRepSchemes,0),COLUMNS($R103:AD103)),"") -> 6 | AE103: =IFERROR(INDEX(TableSetRepSchemes,MATCH('1'!$C103,ListSetRepSchemes,0),COLUMNS($R103:AE103)),"") -> 6 | AF103: =IFERROR(INDEX(TableSetRepSchemes,MATCH('1'!$C103,ListSetRepSchemes,0),COLUMNS($R103:AF103)),"") -> 6 | AG103: =IFERROR(INDEX(TableSetRepSchemes,MATCH('1'!$C103,ListSetRepSchemes,0),COLUMNS($R103:AG103)),"") -> 0 | AH103: =IFERROR(INDEX(TableSetRepSchemes,MATCH('1'!$C103,ListSetRepSchemes,0),COLUMNS($R103:AH103)),"") -> 0 | AI103: =IFERROR(INDEX(TableSetRepSchemes,MATCH('1'!$C103,ListSetRepSchemes,0),COLUMNS($R103:AI103)),"") -> 0 | AK103: =CLEAN(IFERROR(INDEX(TableSetRepSchemes,MATCH('1'!$C103,ListSetRepSchemes,0),COLUMNS($R103:AK103)),"")) | AM103: =IFERROR(INDEX(TableSetRepSchemes,MATCH('1'!$C103,ListSetRepSchemes,0),COLUMNS($R103:AM103)),"") -> 6 | AN103: =IFERROR(INDEX(TableSetRepSchemes,MATCH('1'!$C103,ListSetRepSchemes,0),COLUMNS($R103:AN103)),"") -> 6 | AO103: =IFERROR(INDEX(TableSetRepSchemes,MATCH('1'!$C103,ListSetRepSchemes,0),COLUMNS($R103:AO103)),"") -> 6 | AP103: =IFERROR(INDEX(TableSetRepSchemes,MATCH('1'!$C103,ListSetRepSchemes,0),COLUMNS($R103:AP103)),"") -> 0 | AQ103: =IFERROR(INDEX(TableSetRepSchemes,MATCH('1'!$C103,ListSetRepSchemes,0),COLUMNS($R103:AQ103)),"") -> 0 | AR103: =IFERROR(INDEX(TableSetRepSchemes,MATCH('1'!$C103,ListSetRepSchemes,0),COLUMNS($R103:AR103)),"") -> 0 | AT103: =CLEAN(IFERROR(INDEX(TableSetRepSchemes,MATCH('1'!$C103,ListSetRepSchemes,0),COLUMNS($R103:AT103)),"")) | AV103: =IFERROR(INDEX(TableSetRepSchemes,MATCH('1'!$C103,ListSetRepSchemes,0),COLUMNS($R103:AV103)),"") -> 6 | AW103: =IFERROR(INDEX(TableSetRepSchemes,MATCH('1'!$C103,ListSetRepSchemes,0),COLUMNS($R103:AW103)),"") -> 6 | AX103: =IFERROR(INDEX(TableSetRepSchemes,MATCH('1'!$C103,ListSetRepSchemes,0),COLUMNS($R103:AX103)),"") -> 6 | AY103: =IFERROR(INDEX(TableSetRepSchemes,MATCH('1'!$C103,ListSetRepSchemes,0),COLUMNS($R103:AY103)),"") -> 0 | AZ103: =IFERROR(INDEX(TableSetRepSchemes,MATCH('1'!$C103,ListSetRepSchemes,0),COLUMNS($R103:AZ103)),"") -> 0 | BA103: =IFERROR(INDEX(TableSetRepSchemes,MATCH('1'!$C103,ListSetRepSchemes,0),COLUMNS($R103:BA103)),"") -> 0 | BG103: Reps | BH103: =IFERROR(SUM(SUBSTITUTE(U103,"/s",""),V103:Z103),0) -> 0 | BI103: =SUM(SUBSTITUTE(AD103,"/s",""),AE103:AI103) -> 18 | BJ103: =SUM(AM103:AR103) -> 18 | BK103: =SUM(AV103:BA103) -> 18 | BN103: PE | BO103: =IF(B103="PE",(BL104),0)+IF(B105="PE",(BL106),0)+IF(B107="PE",(BL108),0)+IF(B109="PE",(BL110),0)+IF(B111="PE",(BL112),0)+IF(B113="PE",(BL114),0)+IF(B115="PE",(BL116),0)+IF(B117="PE",(BL118),0) -> 0 | BP103: =(BO103/$BO$107)*100 -> #N/A | BS103: Reps | BT103: =IF($B103="PE",BH103,"") | BU103: =IF($B103="PE",BI103,"") | BV103: =IF($B103="PE",BJ103,"") | BW103: =IF($B103="PE",BK103,"")
Q104: :03 ISO | BG104: V-L | BH104: =IFERROR((SUBSTITUTE(U103,"/s","")*U104)+(V103*V104)+(W103*W104)+(X103*X104)+(Y103*Y104)+(Z103*Z104),0) -> 0 | BI104: =IFERROR((SUBSTITUTE(AD103,"/s","")*AD104)+(AE103*AE104)+(AF103*AF104)+(AG103*AG104)+(AH103*AH104)+(AI103*AI104),0) -> 0 | BJ104: =IFERROR((AM103*AM104)+(AN103*AN104)+(AO103*AO104)+(AP103*AP104)+(AQ103*AQ104)+(AR103*AR104),"") -> 0 | BK104: =IFERROR((AV103*AV104)+(AW103*AW104)+(AX103*AX104)+(AY103*AY104)+(AZ103*AZ104)+(BA103*BA104),"") -> 0 | BL104: =IFERROR(BH104+BI104+BJ104+BK104,NA()) -> 0 | BN104: DE | BO104: =IF(B103="DE",(BL104),0)+IF(B105="DE",(BL106),0)+IF(B107="DE",(BL108),0)+IF(B109="DE",(BL110),0)+IF(B111="DE",(BL112),0)+IF(B113="DE",(BL114),0)+IF(B115="DE",(BL116),0)+IF(B117="DE",(BL118),0) -> #N/A | BP104: =(BO104/$BO$107)*100 -> #N/A | BS104: V-L | BT104: =IF($B103="PE",(BH104*$E103*$F103),0) -> 0 | BU104: =IF($B103="PE",(BI104*$E103*$F103),0) -> 0 | BV104: =IF($B103="PE",(BJ104*$E103*$F103),0) -> 0 | BW104: =IF($B103="PE",(BK104*$E103*$F103),0) -> 0 | BX104: =IFERROR(BT104+BU104+BV104+BW104,NA()) -> 0
A105: MedBall | B105: DE | C105: 3x:30 | D105: =IFERROR(INDEX([2]!Table1RM[#Data],MATCH($M$56,[2]!Table1RM[Athlete],0),MATCH($L105,[2]!Table1RM[#Headers],0)),"") | E105: =IF($B105="PE",INDEX([2]ExerciseInventory!$J$2:$L$276,MATCH($L105,[2]ExerciseInventory!$J$2:$J$287,0),2),"") | F105: =IF($B105="PE",INDEX([2]ExerciseInventory!$J$2:$L$276,MATCH($L105,[2]ExerciseInventory!$J$2:$J$287,0),3),"") | K105: 1B | L105: ISO Squat Hold | S105: =CLEAN(IFERROR(INDEX(TableSetRepSchemes,MATCH(#REF!,ListSetRepSchemes,0),COLUMNS($R105:S105)),"")) | U105: Force Plates | AB105: =CLEAN(IFERROR(INDEX(TableSetRepSchemes,MATCH('1'!$C105,ListSetRepSchemes,0),COLUMNS($R105:AB105)),"")) | AD105: =IFERROR(INDEX(TableSetRepSchemes,MATCH('1'!$C105,ListSetRepSchemes,0),COLUMNS($R105:AD105)),"") -> :30 | AE105: =IFERROR(INDEX(TableSetRepSchemes,MATCH('1'!$C105,ListSetRepSchemes,0),COLUMNS($R105:AE105)),"") -> :30 | AF105: =IFERROR(INDEX(TableSetRepSchemes,MATCH('1'!$C105,ListSetRepSchemes,0),COLUMNS($R105:AF105)),"") -> :30 | AG105: =IFERROR(INDEX(TableSetRepSchemes,MATCH('1'!$C105,ListSetRepSchemes,0),COLUMNS($R105:AG105)),"") -> 0 | AH105: =IFERROR(INDEX(TableSetRepSchemes,MATCH('1'!$C105,ListSetRepSchemes,0),COLUMNS($R105:AH105)),"") -> 0 | AI105: =IFERROR(INDEX(TableSetRepSchemes,MATCH('1'!$C105,ListSetRepSchemes,0),COLUMNS($R105:AI105)),"") -> 0 | AK105: =CLEAN(IFERROR(INDEX(TableSetRepSchemes,MATCH('1'!$C105,ListSetRepSchemes,0),COLUMNS($R105:AK105)),"")) | AM105: =IFERROR(INDEX(TableSetRepSchemes,MATCH('1'!$C105,ListSetRepSchemes,0),COLUMNS($R105:AM105)),"") -> :30 | AN105: =IFERROR(INDEX(TableSetRepSchemes,MATCH('1'!$C105,ListSetRepSchemes,0),COLUMNS($R105:AN105)),"") -> :30 | AO105: =IFERROR(INDEX(TableSetRepSchemes,MATCH('1'!$C105,ListSetRepSchemes,0),COLUMNS($R105:AO105)),"") -> :30 | AP105: =IFERROR(INDEX(TableSetRepSchemes,MATCH('1'!$C105,ListSetRepSchemes,0),COLUMNS($R105:AP105)),"") -> 0 | AQ105: =IFERROR(INDEX(TableSetRepSchemes,MATCH('1'!$C105,ListSetRepSchemes,0),COLUMNS($R105:AQ105)),"") -> 0 | AR105: =IFERROR(INDEX(TableSetRepSchemes,MATCH('1'!$C105,ListSetRepSchemes,0),COLUMNS($R105:AR105)),"") -> 0 | AT105: =CLEAN(IFERROR(INDEX(TableSetRepSchemes,MATCH('1'!$C105,ListSetRepSchemes,0),COLUMNS($R105:AT105)),"")) | AV105: =IFERROR(INDEX(TableSetRepSchemes,MATCH('1'!$C105,ListSetRepSchemes,0),COLUMNS($R105:AV105)),"") -> :30 | AW105: =IFERROR(INDEX(TableSetRepSchemes,MATCH('1'!$C105,ListSetRepSchemes,0),COLUMNS($R105:AW105)),"") -> :30 | AX105: =IFERROR(INDEX(TableSetRepSchemes,MATCH('1'!$C105,ListSetRepSchemes,0),COLUMNS($R105:AX105)),"") -> :30 | AY105: =IFERROR(INDEX(TableSetRepSchemes,MATCH('1'!$C105,ListSetRepSchemes,0),COLUMNS($R105:AY105)),"") -> 0 | AZ105: =IFERROR(INDEX(TableSetRepSchemes,MATCH('1'!$C105,ListSetRepSchemes,0),COLUMNS($R105:AZ105)),"") -> 0 | BA105: =IFERROR(INDEX(TableSetRepSchemes,MATCH('1'!$C105,ListSetRepSchemes,0),COLUMNS($R105:BA105)),"") -> 0 | BG105: Reps | BH105: =IFERROR(SUM(SUBSTITUTE(U105,"/s",""),V105:Z105),0) -> 0 | BI105: =SUM(SUBSTITUTE(AD105,"/s",""),AE105:AI105) -> #VALUE! | BJ105: =SUM(AM105:AR105) -> 0 | BK105: =SUM(AV105:BA105) -> 0 | BN105: ME | BO105: =IF(B103="ME",(BL104),0)+IF(B105="ME",(BL106),0)+IF(B107="ME",(BL108),0)+IF(B109="ME",(BL110),0)+IF(B111="ME",(BL112),0)+IF(B113="ME",(BL114),0)+IF(B115="ME",(BL116),0)+IF(B117="ME",(BL118),0) -> 0 | BP105: =(BO105/$BO$107)*100 -> #N/A | BS105: Reps | BT105: =IF($B105="PE",BH105,"") | BU105: =IF($B105="PE",BI105,"") | BV105: =IF($B105="PE",BJ105,"") | BW105: =IF($B105="PE",BK105,"") | BX105: =IFERROR(BT105+BU105+BV105+BW105,NA()) -> #N/A
BG106: V-L | BH106: =IFERROR((SUBSTITUTE(U105,"/s","")*U106)+(V105*V106)+(W105*W106)+(X105*X106)+(Y105*Y106)+(Z105*Z106),0) -> 0 | BI106: =IFERROR((SUBSTITUTE(AD105,"/s","")*AD106)+(AE105*AE106)+(AF105*AF106)+(AG105*AG106)+(AH105*AH106)+(AI105*AI106),0) -> 0 | BJ106: =IFERROR((AM105*AM106)+(AN105*AN106)+(AO105*AO106)+(AP105*AP106)+(AQ105*AQ106)+(AR105*AR106),"") | BK106: =IFERROR((AV105*AV106)+(AW105*AW106)+(AX105*AX106)+(AY105*AY106)+(AZ105*AZ106)+(BA105*BA106),"") | BL106: =IFERROR(BH106+BI106+BJ106+BK106,NA()) -> #N/A | BN106: RE | BO106: =IF(B103="RE",(BL104),0)+IF(B105="RE",(BL106),0)+IF(B107="RE",(BL108),0)+IF(B109="RE",(BL110),0)+IF(B111="RE",(BL112),0)+IF(B113="RE",(BL114),0)+IF(B115="RE",(BL116),0)+IF(B117="RE",(BL118),0) -> 0 | BP106: =(BO106/$BO$107)*100 -> #N/A | BS106: V-L | BT106: =IF($B105="PE",(BH106*$E105*$F105),0) -> 0 | BU106: =IF($B105="PE",(BI106*$E105*$F105),0) -> 0 | BV106: =IF($B105="PE",(BJ106*$E105*$F105),0) -> 0 | BW106: =IF($B105="PE",(BK106*$E105*$F105),0) -> 0 | BX106: =IFERROR(BT106+BU106+BV106+BW106,NA()) -> 0
A107: PrimaryUpper | B107: ME | C107: 3x5+1 | D107: =IFERROR(INDEX([2]!Table1RM[#Data],MATCH($M$56,[2]!Table1RM[Athlete],0),MATCH($L107,[2]!Table1RM[#Headers],0)),"") | E107: =IF($B107="PE",INDEX([2]ExerciseInventory!$J$2:$L$276,MATCH($L107,[2]ExerciseInventory!$J$2:$J$287,0),2),"") | F107: =IF($B107="PE",INDEX([2]ExerciseInventory!$J$2:$L$276,MATCH($L107,[2]ExerciseInventory!$J$2:$J$287,0),3),"") | K107: 2A | L107: RDL | S107: =CLEAN(IFERROR(INDEX(TableSetRepSchemes,MATCH(#REF!,ListSetRepSchemes,0),COLUMNS($R107:S107)),"")) | U107: aim for just below knee caps | AB107: =CLEAN(IFERROR(INDEX(TableSetRepSchemes,MATCH('1'!$C107,ListSetRepSchemes,0),COLUMNS($R107:AB107)),"")) | AD107: =IFERROR(INDEX(TableSetRepSchemes,MATCH('1'!$C107,ListSetRepSchemes,0),COLUMNS($R107:AD107)),"") -> 6 | AE107: =IFERROR(INDEX(TableSetRepSchemes,MATCH('1'!$C107,ListSetRepSchemes,0),COLUMNS($R107:AE107)),"") -> 6 | AF107: =IFERROR(INDEX(TableSetRepSchemes,MATCH('1'!$C107,ListSetRepSchemes,0),COLUMNS($R107:AF107)),"") -> 6 | AG107: =IFERROR(INDEX(TableSetRepSchemes,MATCH('1'!$C107,ListSetRepSchemes,0),COLUMNS($R107:AG107)),"") -> 0 | AH107: =IFERROR(INDEX(TableSetRepSchemes,MATCH('1'!$C107,ListSetRepSchemes,0),COLUMNS($R107:AH107)),"") -> 0 | AI107: =IFERROR(INDEX(TableSetRepSchemes,MATCH('1'!$C107,ListSetRepSchemes,0),COLUMNS($R107:AI107)),"") -> 0 | AK107: =CLEAN(IFERROR(INDEX(TableSetRepSchemes,MATCH('1'!$C107,ListSetRepSchemes,0),COLUMNS($R107:AK107)),"")) | AM107: =IFERROR(INDEX(TableSetRepSchemes,MATCH('1'!$C107,ListSetRepSchemes,0),COLUMNS($R107:AM107)),"") -> 7 | AN107: =IFERROR(INDEX(TableSetRepSchemes,MATCH('1'!$C107,ListSetRepSchemes,0),COLUMNS($R107:AN107)),"") -> 7 | AO107: =IFERROR(INDEX(TableSetRepSchemes,MATCH('1'!$C107,ListSetRepSchemes,0),COLUMNS($R107:AO107)),"") -> 7 | AP107: =IFERROR(INDEX(TableSetRepSchemes,MATCH('1'!$C107,ListSetRepSchemes,0),COLUMNS($R107:AP107)),"") -> 0 | AQ107: =IFERROR(INDEX(TableSetRepSchemes,MATCH('1'!$C107,ListSetRepSchemes,0),COLUMNS($R107:AQ107)),"") -> 0 | AR107: =IFERROR(INDEX(TableSetRepSchemes,MATCH('1'!$C107,ListSetRepSchemes,0),COLUMNS($R107:AR107)),"") -> 0 | AT107: =CLEAN(IFERROR(INDEX(TableSetRepSchemes,MATCH('1'!$C107,ListSetRepSchemes,0),COLUMNS($R107:AT107)),"")) | AV107: =IFERROR(INDEX(TableSetRepSchemes,MATCH('1'!$C107,ListSetRepSchemes,0),COLUMNS($R107:AV107)),"") -> 8 | AW107: =IFERROR(INDEX(TableSetRepSchemes,MATCH('1'!$C107,ListSetRepSchemes,0),COLUMNS($R107:AW107)),"") -> 8 | AX107: =IFERROR(INDEX(TableSetRepSchemes,MATCH('1'!$C107,ListSetRepSchemes,0),COLUMNS($R107:AX107)),"") -> 8 | AY107: =IFERROR(INDEX(TableSetRepSchemes,MATCH('1'!$C107,ListSetRepSchemes,0),COLUMNS($R107:AY107)),"") -> 0 | AZ107: =IFERROR(INDEX(TableSetRepSchemes,MATCH('1'!$C107,ListSetRepSchemes,0),COLUMNS($R107:AZ107)),"") -> 0 | BA107: =IFERROR(INDEX(TableSetRepSchemes,MATCH('1'!$C107,ListSetRepSchemes,0),COLUMNS($R107:BA107)),"") -> 0 | BG107: Reps | BH107: =IFERROR(SUM(SUBSTITUTE(U107,"/s",""),V107:Z107),0) -> 0 | BI107: =SUM(SUBSTITUTE(AD107,"/s",""),AE107:AI107) -> 18 | BJ107: =SUM(AM107:AR107) -> 21 | BK107: =SUM(AV107:BA107) -> 24 | BN107: Total | BO107: =SUM(BO103:BO106) -> #N/A | BS107: Reps | BT107: =IF($B107="PE",BH107,"") | BU107: =IF($B107="PE",BI107,"") | BV107: =IF($B107="PE",BJ107,"") | BW107: =IF($B107="PE",BK107,"") | BX107: =IFERROR(BT107+BU107+BV107+BW107,NA()) -> #N/A
BG108: V-L | BH108: =IFERROR((SUBSTITUTE(U107,"/s","")*U108)+(V107*V108)+(W107*W108)+(X107*X108)+(Y107*Y108)+(Z107*Z108),0) -> 0 | BI108: =IFERROR((SUBSTITUTE(AD107,"/s","")*AD108)+(AE107*AE108)+(AF107*AF108)+(AG107*AG108)+(AH107*AH108)+(AI107*AI108),0) -> 0 | BJ108: =IFERROR((AM107*AM108)+(AN107*AN108)+(AO107*AO108)+(AP107*AP108)+(AQ107*AQ108)+(AR107*AR108),"") -> 0 | BK108: =IFERROR((AV107*AV108)+(AW107*AW108)+(AX107*AX108)+(AY107*AY108)+(AZ107*AZ108)+(BA107*BA108),"") -> 0 | BL108: =IFERROR(BH108+BI108+BJ108+BK108,NA()) -> 0 | BS108: V-L | BT108: =IF($B107="PE",(BH108*$E107*$F107),0) -> 0 | BU108: =IF($B107="PE",(BI108*$E107*$F107),0) -> 0 | BV108: =IF($B107="PE",(BJ108*$E107*$F107),0) -> 0 | BW108: =IF($B107="PE",(BK108*$E107*$F107),0) -> 0 | BX108: =IFERROR(BT108+BU108+BV108+BW108,NA()) -> 0
...
